epoch,train_loss,train_dice,val_loss,val_dice,val_iou,lr
1,0.2232,0.0025,0.0918,0.0,0.0,0.0009997532801828658
1,0.0547,0.0,0.0688,0.0,0.0,0.0009997532801828658
2,0.0492,0.0,0.0636,0.0,0.0,0.0009990133642141358
3,0.0467,0.0,0.0741,0.0,0.0,0.00099778098230154
4,0.0458,0.0,0.075,0.0,0.0,0.000996057350657239
5,0.0457,0.0,0.075,0.0,0.0,0.0009938441702975688
6,0.0443,0.0,0.0802,0.0,0.0,0.0009911436253643444
7,0.0445,0.0,0.0886,0.0,0.0,0.0009879583809693736
1,0.0495,0.0026,0.0642,0.0,0.0,0.0009990133642141358
