section_id,road_type,lanes,speed_limit,hour,day_of_week,weather_code,accident_severity,normal_flow,current_flow,normal_speed,current_speed,flow_reduction_pct,speed_reduction_pct
11,2,8,80,19,2,1,0.571,12934.087378640777,5389,24.262135922330103,44.9,58.334903404941116,-85.06202480992393
9,1,6,60,18,5,0,0.623,9326.184466019418,6320,20.119417475728152,21.2,32.233808766839786,-5.370843989769836
1,1,6,70,17,1,1,0.172,9691.153846153846,8618,20.83076923076923,26.2,11.073540500853273,-25.775480059084188
20,0,4,60,17,2,2,0.215,4310.519607843137,3547,31.787254901960786,32.1,17.71293665974486,-0.983869475372412
10,0,4,50,8,4,1,0.101,4366.708737864078,3979,26.389320388349514,28.1,8.878740514617444,-6.482469371987798
13,1,6,60,8,3,5,0.154,9881.68932038835,7357,17.818446601941748,22.8,25.549167136628114,-27.957282188198107
4,1,6,60,18,0,6,0.182,9336.865384615385,5841,19.71153846153846,23.3,37.44153139848863,-18.204878048780504
9,1,6,60,14,2,6,0.162,5113.854368932039,3300,37.84854368932038,27.1,35.46941774391668,28.39883028934945
19,2,6,100,19,2,6,0.239,9680.64705882353,5991,30.62745098039216,36.4,38.11364092093989,-18.84763124199742
8,1,6,60,10,0,1,0.139,5478.201923076923,4874,36.40096153846154,37.8,11.029201397847766,-3.843410729851815
1,1,6,70,10,4,0,0.183,5453.5392156862745,4906,42.86764705882353,43.1,10.04007111769475,-0.5420240137221422
11,2,8,80,18,4,1,0.307,15283.59223300971,12415,16.457281553398058,20.3,18.769096880339987,-23.349654887617266
14,1,6,70,10,5,1,0.204,5487.514563106796,4704,43.34466019417475,40.2,14.278131822637096,7.255011759435526
9,1,6,60,17,6,5,0.246,7490.466019417476,5243,28.49320388349514,31.5,30.004355050692276,-10.552678206351395
7,0,4,50,8,1,1,0.568,4307.173076923077,3000,26.205769230769228,25.1,30.34874739365906,4.219564100682449
19,2,6,100,8,1,1,0.153,11844.73076923077,10642,18.853846153846156,25.3,10.154141893669044,-34.19012647898816
2,2,8,80,9,3,1,0.163,12425.922330097088,10905,27.24077669902912,27.7,12.23991499136632,-1.6857937130230427
9,1,6,60,18,3,1,0.208,9305.803921568628,7979,20.56666666666667,22.3,14.257810853863074,-8.427876823338721
14,1,6,70,8,3,1,0.337,9867.533980582524,7840,21.36990291262136,25.1,20.547524686231988,-17.454908909181775
12,1,4,60,18,1,0,0.237,6100.057692307692,5395,19.928846153846152,25.4,11.558213509960503,-27.45344012351636
14,1,6,70,19,2,1,0.188,7516.368932038835,6644,32.10291262135922,35.3,11.606254827651231,-9.958870138510845
5,2,6,80,9,0,0,0.198,9310.384615384615,8271,26.478846153846153,30.9,11.163712975585572,-16.696927881472877
14,1,6,70,8,1,2,0.199,9695.826923076924,8053,20.817307692307693,23.8,16.943649428878015,-14.327944572748263
13,1,6,60,8,4,0,0.198,9822.339805825242,8758,17.983495145631068,22.7,10.835909028458012,-26.22685310154942
8,1,6,60,10,5,4,0.109,5501.26213592233,3614,36.95242718446601,26.5,34.305984504879724,28.28617219726227
7,0,4,50,19,5,1,0.187,3289.873786407767,3102,32.9621359223301,29.9,5.710668512086226,9.289858914317705
20,0,4,60,10,0,1,0.19,2554.394230769231,2409,43.54230769230769,39.7,5.691926055025853,8.824308806642511
6,2,6,80,9,2,2,0.215,9124.349514563106,8208,27.5747572815534,29.9,10.042902380060603,-8.432504753186375
12,1,4,60,12,6,1,0.102,2352.873786407767,2300,45.70776699029125,40.6,2.247200283891626,11.174833790012507
17,0,4,50,9,6,1,0.33,2491.26213592233,2143,37.28543689320389,32.7,13.979345284489476,12.298198104364133
20,0,4,60,19,1,1,0.585,3227.778846153846,2421,38.25096153846154,29.1,24.994861315086283,23.923481058796913
10,0,4,50,8,2,0,0.28,4290.1067961165045,4045,26.65631067961165,22.3,5.713302902817718,16.34251165501165
19,2,6,100,9,5,0,0.649,9318.26213592233,6752,33.61747572815534,35.8,27.54013676036513,-6.492231271299009
10,0,4,50,18,6,0,0.225,3043.893203883495,2870,34.39126213592233,31.4,5.712854960273795,8.697738757304585
6,2,6,80,17,0,0,0.229,12038.509615384615,11455,15.154807692307692,14.6,4.847025371304426,3.6609352198464618
11,2,8,80,18,2,2,0.202,15028.184466019418,13617,17.053398058252426,17.6,9.39025248998161,-3.205237688585272
15,2,6,80,17,4,3,0.306,12095.441176470587,5588,14.723529411764705,35.6,53.80077569332149,-141.7898521773872
4,1,6,60,17,3,0,0.172,9841.764705882353,9674,18.287254901960782,18.8,1.7046201661586324,-2.803838524634128
1,1,6,70,19,0,0,0.58,7660.788461538462,5845,31.236538461538462,32.2,23.702370462972034,-3.0844055901003475
9,1,6,60,14,0,0,0.21,5210.941747572816,4999,37.886407766990295,33.8,4.067244614114818,10.78594674935296
15,2,6,80,8,3,0,0.154,12046.699029126214,11940,15.806796116504858,12.6,0.8857117528066394,20.28745163073523
4,1,6,60,17,5,1,0.176,9869.330097087379,9363,17.699029126213592,19.3,5.130339061582367,-9.045529347229841
2,2,8,80,17,6,0,0.311,12175.73786407767,10924,28.176699029126212,31.5,10.280591435618025,-11.794500723589007
9,1,6,60,12,6,0,0.199,3528.0776699029125,3376,45.4514563106796,44.9,4.310496653751317,1.2132863398483296
6,2,6,80,18,2,1,0.129,11265.223300970874,11205,17.11844660194175,17.5,0.5345948265906508,-2.228901996370225
9,1,6,60,19,0,1,0.183,7663.163461538462,7254,26.66057692307692,28.1,5.3393544792833865,-5.399069499044273
10,0,4,50,17,0,1,0.624,4378.971153846154,3139,26.481730769230772,21.8,28.316495137380805,17.679096619585355
17,0,4,50,17,3,1,0.178,4413.156862745098,2494,27.15686274509804,37.4,43.4871662719764,-37.718411552346566
20,0,4,60,9,3,1,0.582,3299.854368932039,1456,39.786407766990294,35.4,55.8768406961178,11.024890190336755
17,0,4,50,9,4,7,0.617,3288.5339805825242,1220,32.79320388349515,13.0,62.9014020471246,60.35763981407467
3,1,4,60,10,0,8,0.152,3655.330097087379,2535,36.14660194174757,29.1,30.649218191814587,19.49450726545082
9,1,6,60,14,0,8,0.302,5210.941747572816,3320,37.886407766990295,27.5,36.28790800537332,27.414601645183623
16,0,4,50,18,0,8,0.562,4037.339805825243,2170,28.250485436893207,18.0,46.25173742202643,36.284280706577775
17,0,4,50,9,0,8,0.602,3293.4903846153848,1726,32.625,19.7,47.59359225511864,39.616858237547895
19,2,6,100,9,0,8,0.197,9331.375,6308,32.853846153846156,35.1,32.400101807075586,-6.836806368531967
20,0,4,60,18,0,8,0.628,4025.173076923077,2071,33.7875,20.7,48.54879627727428,38.73473917869035
18,1,6,60,17,2,0,0.163,9652.718446601943,9721,18.36893203883495,18.7,-0.7073815917845838,-1.8023255813953698
10,0,4,50,8,5,1,0.243,4386.320388349514,4008,26.609708737864082,26.5,8.625005810208696,0.4122883829538959
11,2,8,80,12,2,6,0.105,7890.300970873786,5720,45.67864077669903,41.8,27.50593391665569,8.491147527046273
16,0,4,50,17,2,6,0.272,4303.805825242718,2845,27.03300970873787,20.3,33.89571659312597,24.90662261169373
18,1,6,60,17,5,1,0.294,9869.330097087379,8757,17.764077669902914,20.1,11.27057344465201,-13.149696671585499
4,1,6,60,17,0,8,0.205,9880.211538461539,6649,17.383653846153848,21.4,32.703870012126025,-23.104153990818045
19,2,6,100,19,2,0,0.218,9680.64705882353,9430,30.62745098039216,34.3,2.5891560481494325,-11.991037131882166
16,0,4,50,17,3,0,0.195,4380.582524271845,4245,26.953398058252436,22.0,3.095079787234045,18.37763849866727
3,1,4,60,12,4,4,0.225,3100.8446601941746,1922,40.58349514563107,24.9,38.01688860222864,38.6450084926198
8,1,6,60,17,4,4,0.164,9849.912621359223,6315,17.964077669902913,19.3,35.88775613799737,-7.4366318975301215
14,1,6,70,9,4,4,0.177,7660.9708737864075,4877,32.03398058252427,24.6,36.33966137780706,23.206546446431275
10,0,4,50,17,2,0,0.601,4290.1067961165045,3290,26.740776699029126,25.2,23.311932398089073,5.761899575209672
12,1,4,60,9,2,0,0.274,5005.184466019417,4736,27.724271844660194,30.5,5.378112791784828,-10.011906429471917
8,1,6,60,18,4,0,0.197,9307.196078431372,9011,20.35392156862745,20.5,3.1824415853640486,-0.7176918260199505
12,1,4,60,17,4,0,0.184,6542.679611650486,6407,17.876699029126218,17.6,2.073762123532419,1.547819475370682
10,0,4,50,9,6,1,0.148,2489.4854368932038,2546,37.45631067961165,30.3,-2.270130295573236,19.10575427682736
5,2,6,80,10,4,7,0.607,7122.26213592233,2852,39.727184466019416,19.5,59.9565426605761,50.915222757154375
8,1,6,60,18,4,7,0.176,9307.196078431372,4884,20.35392156862745,15.4,47.524475053037186,24.338904677038663
11,2,8,80,18,0,0,0.613,15310.413461538461,12233,15.876923076923076,19.8,20.10013295375257,-24.70930232558142
9,1,6,60,12,2,1,0.155,4556.330097087379,4792,40.00388349514564,35.3,-5.1723623594188695,11.758567129404929
6,2,6,80,18,3,2,0.178,11500.864077669903,11088,16.924271844660197,15.0,3.589852683082484,11.369894446994044
3,1,4,60,17,4,1,0.612,6539.9902912621355,5089,17.92912621359223,19.8,22.186428826977856,-10.434829696214898
13,1,6,60,9,5,0,0.141,7667.9902912621355,8198,27.24660194174757,28.2,-6.911976784084128,-3.4991448118586232
7,0,4,50,18,0,2,0.56,4013.326923076923,3060,28.327884615384615,24.1,23.754031040811142,14.924815858253282
13,1,6,60,19,6,0,0.29,5806.854368932039,5656,35.627184466019415,31.9,2.597867267674958,10.461630695443647
2,2,8,80,17,1,1,0.116,15768.403846153846,16886,15.079807692307694,12.1,-7.087566787038835,19.76024995217753
3,1,4,60,18,1,1,0.264,6092.307692307692,6012,20.11826923076923,20.0,1.3181818181818183,0.5878698083448763
13,1,6,60,18,1,1,0.154,9138.538461538461,9589,20.16346153846154,17.6,-4.929251437277471,12.71340009537435
1,1,6,70,8,1,3,0.153,9689.125,8902,21.036538461538463,20.5,8.123798588623842,2.5505073589907723
10,0,4,50,9,2,1,0.216,3216.3009708737864,3271,32.57766990291261,26.8,-1.700681298844775,17.735061838772136
12,1,4,60,17,2,1,0.217,6432.504854368932,6538,18.689320388349515,18.2,-1.6400321184276478,2.6181818181818195
4,1,6,60,17,3,0,0.175,9841.764705882353,10348,18.287254901960782,15.7,-5.143745143745138,14.147858253364065
3,1,4,60,10,0,1,0.227,3655.330097087379,3612,36.14660194174757,31.2,1.1853949147275333,13.684832532029755
11,2,8,80,19,4,1,0.231,13079.825242718447,12972,23.798058252427186,23.0,0.8243630225753473,3.353459530026115
12,1,4,60,17,1,2,0.141,6454.336538461538,6465,17.760576923076922,16.1,-0.16521390657147084,9.349791565156174
14,1,6,70,10,1,2,0.16,5378.6057692307695,5332,42.33653846153846,35.9,0.8665027932960978,15.203270497388143
16,0,4,50,14,5,0,0.223,2190.8252427184466,2239,38.55242718446602,35.5,-2.198931997961484,7.917600543957293
15,2,6,80,17,0,1,0.18,12023.660194174758,12234,14.961165048543686,10.6,-1.7493824877648168,29.149902660609982
16,0,4,50,9,0,1,0.296,3281.980769230769,3124,32.12980769230769,26.6,4.813579979257366,17.210833458027828
8,1,6,60,17,0,1,0.287,9845.682692307691,9421,17.453846153846158,15.8,4.3133899962009785,9.475539885412088
2,2,8,80,18,2,0,0.624,15003.980582524271,12136,17.03980582524272,19.0,19.1147980147663,-11.503618027462803
9,1,6,60,18,3,0,0.199,9305.803921568628,9644,20.56666666666667,17.0,-3.6342489190806404,17.341977309562417
19,2,6,100,12,3,0,0.232,6018.902912621359,6126,58.354368932038824,60.6,-1.77934565374136,-3.8482655353132333
1,1,6,70,10,4,2,0.173,5453.5392156862745,5295,42.86764705882353,34.6,2.9070885789224787,19.286449399656945
13,1,6,60,17,5,2,0.643,9867.708737864077,7079,17.65825242718447,17.3,28.260955120851182,2.0288102045304734
17,0,4,50,14,2,0,0.181,2143.349514563107,2292,37.90679611650485,34.8,-6.935429076166955,8.195881569511322
11,2,8,80,8,6,3,0.274,12186.95145631068,10167,27.900970873786413,23.9,16.57470667337978,14.339898392372486
18,1,6,60,17,3,0,0.599,9848.970873786408,7944,18.084466019417473,18.4,19.341826655783855,-1.744779084125203
17,0,4,50,8,1,1,0.232,4300.451923076923,4322,26.247115384615388,22.2,-0.5010654068110076,15.419276843609197
16,0,4,50,17,4,0,0.104,4358.456310679611,4778,26.575728155339807,25.2,-9.625969825425873,5.176633909326711
10,0,4,50,18,0,0,0.197,4011.0384615384614,4046,28.447115384615383,25.3,-0.8716330894550595,11.063038702044947
14,1,6,70,18,0,0,0.293,9298.615384615385,8880,23.04711538461538,23.6,4.501910954484545,-2.398931953773653
8,1,6,60,18,2,5,0.259,9130.805825242718,7426,20.61456310679612,23.5,18.670924098831122,-13.997080016954722
11,2,8,80,9,2,5,0.219,12174.368932038835,10129,27.425242718446604,28.5,16.800615649621996,-3.918861512319438
4,1,6,60,17,4,0,0.145,9809.757281553399,10217,17.96504854368932,16.6,-4.151404634775169,7.598357111975784
11,2,8,80,12,1,2,0.219,7890.961538461538,7354,44.909615384615385,40.9,6.8047668949382185,8.928189097760464
11,2,8,80,8,2,0,0.182,15723.68932038835,16318,15.848543689320389,12.2,-3.7797152277807333,23.02131830433718
13,1,6,60,18,2,8,0.232,9142.922330097088,6438,20.82621359223301,20.3,29.58487704957201,2.526688732460025
2,2,8,80,8,6,6,0.146,12209.825242718447,8737,28.2252427184466,29.0,28.44287427282819,-2.744909190974143
3,1,4,60,12,6,6,0.594,2358.7281553398057,1280,46.421359223300975,25.7,45.73346669465608,44.63755385451961
19,2,6,100,18,2,0,0.284,11306.650485436894,6616,21.09320388349514,60.1,41.48576531554159,-184.9258952407255
20,0,4,60,17,2,0,0.565,4310.519607843137,2108,31.787254901960786,37.8,51.09638299372487,-18.915584615859093
10,0,4,50,19,4,0,0.164,3284.2718446601943,2023,32.7126213592233,43.2,38.40339363840606,-32.05912031815756
15,2,6,80,17,4,0,0.15,12095.441176470587,7473,14.723529411764705,39.8,38.21639168865274,-170.3156212544946
10,0,4,50,12,2,0,0.584,1965.5339805825242,1589,39.63203883495146,28.6,19.15682884662879,27.836162759364058
19,2,6,100,19,3,1,0.629,9855.320388349515,7325,30.475728155339805,33.3,25.674663924074327,-9.267282574068169
7,0,4,50,8,4,6,0.243,4374.116504854369,3011,26.495145631067967,20.9,31.163241841903165,21.11762550384758
2,2,8,80,12,3,0,0.162,8027.650485436893,8249,47.16699029126213,43.6,-2.757338712798485,7.5624716973364485
15,2,6,80,17,0,1,0.207,12023.660194174758,11708,14.961165048543686,12.5,2.6253253092406004,16.450356911096677
4,1,6,60,9,0,0,0.195,7657.557692307692,7733,26.722115384615385,27.2,-0.9852006439088568,-1.7883487459968928
20,0,4,60,8,0,0,0.627,4375.7692307692305,3361,31.4,28.7,23.190647798189325,8.59872611464968
19,2,6,100,18,1,3,0.234,11339.786407766991,9646,20.25145631067961,21.7,14.936669412105164,-7.1527877654729455
2,2,8,80,8,2,0,0.217,15723.68932038835,16004,15.922330097087377,12.4,-1.7827284290601098,22.12195121951218
18,1,6,60,18,2,0,0.587,9112.621359223302,7350,20.65728155339806,21.5,19.34263797144684,-4.079522489072684
12,1,4,60,8,3,1,0.258,6570.271844660194,6205,18.115533980582523,19.9,5.559463189594782,-9.850474301945432
2,2,8,80,10,2,2,0.204,9299.40776699029,8764,40.071844660194174,37.4,5.757439402655351,6.667635799777106
10,0,4,50,9,4,1,0.267,3272.3333333333335,3086,32.11274509803921,26.6,5.694203931954778,17.166844756525713
3,1,4,60,12,5,0,0.607,3104.660194174757,2415,40.30291262135922,29.2,22.213709425229844,27.548660628252065
17,0,4,50,18,0,1,0.113,4012.3365384615386,4107,28.318269230769236,26.2,-2.3593101084875334,7.48022138467287
15,2,6,80,10,2,0,0.128,6968.378640776699,7447,39.49029126213592,35.3,-6.868475206306424,10.610940381069456
14,1,6,70,10,4,5,0.173,5460.57281553398,4584,43.104854368932024,36.7,16.05276305519353,14.858777422406376
2,2,8,80,18,0,1,0.145,15320.201923076924,15417,15.833653846153847,14.9,-0.6318329053957683,5.896641768385258
16,0,4,50,9,2,0,0.175,3216.252427184466,3351,32.34757281553398,30.7,-4.189583245289397,5.093342937751366
12,1,4,60,9,4,0,0.188,5086.640776699029,5175,27.365048543689316,26.3,-1.7370840045502822,3.892003122117349
1,1,6,70,9,0,1,0.311,7660.028846153846,7019,31.434615384615384,30.7,8.368491281540159,2.3369631714180827
7,0,4,50,12,6,1,0.204,1521.8058252427184,1466,42.53203883495145,38.9,3.667079223712244,8.539536157779393
16,0,4,50,18,0,6,0.169,4037.339805825243,2538,28.250485436893207,24.7,37.13682468990924,12.567874080692842
2,2,8,80,12,1,1,0.28,7896.5,6607,45.09326923076924,46.5,16.330019628949533,-3.1196025332110633
19,2,6,100,18,1,6,0.173,11339.786407766991,7251,20.25145631067961,30.6,36.05699667293951,-51.10024449877753
18,1,6,60,18,3,1,0.184,9319.436893203883,8085,20.63203883495146,25.4,13.245831345283165,-23.10950072937743
11,2,8,80,9,1,8,0.171,12235.51923076923,7835,26.88365384615384,30.6,35.965120464222224,-13.823813441110232
15,2,6,80,8,1,8,0.168,11875.576923076924,7617,15.076923076923077,23.3,35.859958220653255,-54.54081632653063
6,2,6,80,19,2,0,0.217,9661.106796116504,8665,24.281553398058247,28.8,10.310483230729961,-18.608556577369086
4,1,6,60,14,4,5,0.194,5192.9514563106795,3799,37.426213592233005,36.3,26.843144366710657,3.009157176580446
3,1,4,60,17,1,6,0.264,6477.596153846154,3937,17.629807692307693,23.6,39.22128044888448,-33.86419416416688
9,1,6,60,18,1,6,0.213,9176.64423076923,5742,20.317307692307693,22.6,37.42810709881168,-11.235210601041178
16,0,4,50,18,3,6,0.134,4030.4368932038833,2586,29.277669902912617,23.9,35.838221301504326,18.367820665870795
17,0,4,50,17,3,6,0.122,4413.156862745098,2840,27.15686274509804,23.2,35.64697362165716,14.570397111913358
20,0,4,60,18,3,6,0.173,4030.4368932038833,2532,35.00873786407767,26.4,37.17802642513881,24.590254860090422
10,0,4,50,9,4,1,0.16,3272.3333333333335,2891,32.11274509803921,30.1,11.653254558419068,6.26774538238436
6,2,6,80,10,6,5,0.179,5409.689320388349,3931,49.83106796116504,41.2,27.334089497808677,17.320656197638606
15,2,6,80,17,6,5,0.247,9155.009708737864,6404,28.172815533980586,33.2,30.0492276497774,-17.84409676752361
18,1,6,60,18,6,5,0.244,7074.310679611651,4957,30.227184466019413,29.5,29.929568766520187,2.405730070019896
19,2,6,100,9,1,0,0.112,9150.163461538461,8666,33.51826923076923,33.7,5.29130942385434,-0.5421842278895195
