weather_code,road_type,hour,flow_count,avg_speed,congestion_index,temperature,humidity
0,1,0,1309.2536047497879,61.684860050890585,0.10036386768447837,12.15114503816794,58.657251908396944
0,1,1,1047.4117896522478,63.11628498727736,0.0804346480067854,12.15114503816794,58.657251908396944
0,1,2,942.6577608142494,63.6156064461408,0.07374003392705683,12.15114503816794,58.657251908396944
0,1,3,785.5784563189144,64.45720949957591,0.06284249363867685,12.15114503816794,58.657251908396944
0,1,4,1047.4117896522478,63.09075487701442,0.08106221374045802,12.15114503816794,58.657251908396944
0,1,5,1832.990245971162,59.063994910941474,0.13772103477523323,12.15114503816794,58.657251908396944
0,1,6,3404.0856658184903,50.753944020356236,0.25853935538592027,12.15114503816794,58.657251908396944
0,1,7,7855.630195080576,27.464418999151825,0.5987326547921967,12.15114503816794,58.657251908396944
0,1,8,9426.332061068702,19.24431721798134,0.7188235793044954,12.15114503816794,58.657251908396944
0,1,9,7330.74342663274,30.24919423240034,0.5580931721798134,12.15114503816794,58.657251908396944
0,1,10,5236.866412213741,41.26526717557252,0.39715776081424936,12.15114503816794,58.657251908396944
0,1,11,4713.35368956743,43.88782866836302,0.3588033078880407,12.15114503816794,58.657251908396944
0,1,12,4450.893129770992,45.43956743002545,0.3360891857506361,12.15114503816794,58.657251908396944
0,1,13,4451.497455470738,45.4087786259542,0.33650886344359626,12.15114503816794,58.657251908396944
0,1,14,4974.985156912638,42.519932145886344,0.37884177268871927,12.15114503816794,58.657251908396944
0,1,15,6284.4877014419,35.711323155216284,0.47826972010178115,12.15114503816794,58.657251908396944
0,1,16,8379.319762510602,24.653435114503818,0.6397566157760814,12.15114503816794,58.657251908396944
0,1,17,9423.51314673452,19.260135708227313,0.7186092875318066,12.15114503816794,58.657251908396944
0,1,18,8898.677692960136,22.011238337574216,0.6783782866836302,12.15114503816794,58.657251908396944
0,1,19,7330.488973706531,30.177396098388467,0.5591727735368958,12.15114503816794,58.657251908396944
0,1,20,5237.075911789652,41.25313825275657,0.3972770568278202,12.15114503816794,58.657251908396944
0,1,21,3665.966072943172,49.507760814249366,0.2766118744698898,12.15114503816794,58.657251908396944
0,1,22,2356.6653944020354,56.25148430873622,0.1784269296013571,12.15114503816794,58.657251908396944
0,1,23,1571.1424936386768,60.485750636132316,0.11743117048346055,12.15114503816794,58.657251908396944
0,2,0,2199.589058524173,79.43810432569974,0.1343148854961832,12.151145038167938,58.657251908396944
0,2,1,1885.3664122137404,80.70667938931297,0.12073021628498729,12.151145038167938,58.657251908396944
0,2,2,1759.6539440203562,81.8679389312977,0.10804770992366412,12.151145038167938,58.657251908396944
0,2,3,1571.1055979643766,82.75617048346056,0.09875712468193383,12.151145038167938,58.657251908396944
0,2,4,1759.6539440203562,81.55655216284987,0.1115135496183206,12.151145038167938,58.657251908396944
0,2,5,2827.998727735369,75.47347328244275,0.17700756997455472,12.151145038167938,58.657251908396944
0,2,6,5027.59796437659,62.4615776081425,0.31848886768447837,12.151145038167938,58.657251908396944
0,2,7,11312.089058524172,25.781361323155217,0.7187730916030535,12.151145038167938,58.657251908396944
0,2,8,13822.9631043257,17.297773536895672,0.811317175572519,12.151145038167938,58.657251908396944
0,2,9,10680.646946564886,29.361323155216287,0.6796902671755725,12.151145038167938,58.657251908396944
0,2,10,8169.505725190839,44.082824427480915,0.5190408396946564,12.151145038167938,58.657251908396944
0,2,11,7541.384223918575,47.85445292620865,0.47794777353689566,12.151145038167938,58.657251908396944
0,2,12,6911.980279898219,51.57697201017812,0.43748994910941474,12.151145038167938,58.657251908396944
0,2,13,6912.954198473282,51.541730279898225,0.4376959923664122,12.151145038167938,58.657251908396944
0,2,14,7541.384223918575,47.89351145038168,0.4775293893129771,12.151145038167938,58.657251908396944
0,2,15,9426.750636132316,36.77213740458016,0.5988732824427481,12.151145038167938,58.657251908396944
0,2,16,11940.54707379135,22.100318066157758,0.758879134860051,12.151145038167938,58.657251908396944
0,2,17,13823.26844783715,17.27824427480916,0.8114677480916032,12.151145038167938,58.657251908396944
0,2,18,13189.779898218829,18.20973282442748,0.8013610050890585,12.151145038167938,58.657251908396944
0,2,19,11310.683842239187,25.73861323155216,0.7192262086513994,12.151145038167938,58.657251908396944
0,2,20,8798.287531806616,40.49185750636132,0.5583060432569975,12.151145038167938,58.657251908396944
0,2,21,6284.491094147583,55.29751908396946,0.3966363231552163,12.151145038167938,58.657251908396944
0,2,22,4399.152671755725,66.1704834605598,0.27823651399491095,12.151145038167938,58.657251908396944
0,2,23,3142.2315521628498,73.6986641221374,0.19647589058524173,12.151145038167938,58.657251908396944
0,0,0,565.5801526717557,53.77961832061069,0.06441641221374045,12.15114503816794,58.657251908396944
0,0,1,452.48473282442745,54.53503816793893,0.052651450381679385,12.15114503816794,58.657251908396944
0,0,2,377.07251908396944,54.93106870229008,0.047820687022900765,12.15114503816794,58.657251908396944
0,0,3,301.6603053435114,55.24297709923664,0.04263152671755725,12.15114503816794,58.657251908396944
0,0,4,377.07251908396944,54.861374045801526,0.04845145038167939,12.15114503816794,58.657251908396944
0,0,5,754.1450381679389,52.69847328244275,0.08096053435114504,12.15114503816794,58.657251908396944
0,0,6,1508.2748091603053,48.2630534351145,0.1567274045801527,12.15114503816794,58.657251908396944
0,0,7,3393.6221374045804,36.75366412213741,0.3575443511450382,12.15114503816794,58.657251908396944
0,0,8,4523.164885496183,29.817251908396944,0.4786251908396947,12.15114503816794,58.657251908396944
0,0,9,3393.3770992366412,36.76564885496183,0.3572445038167939,12.15114503816794,58.657251908396944
0,0,10,2639.492366412214,41.37,0.27683702290076334,12.15114503816794,58.657251908396944
0,0,11,2262.4198473282445,43.58190839694657,0.2382689312977099,12.15114503816794,58.657251908396944
0,0,12,2073.3549618320612,44.822137404580154,0.21651137404580154,12.15114503816794,58.657251908396944
0,0,13,2073.8549618320612,44.8481679389313,0.21586175572519087,12.15114503816794,58.657251908396944
0,0,14,2262.031297709924,43.66297709923664,0.23660320610687022,12.15114503816794,58.657251908396944
0,0,15,3016.5496183206105,39.04290076335877,0.31743,12.15114503816794,58.657251908396944
0,0,16,3770.6946564885498,34.36786259541985,0.399275572519084,12.15114503816794,58.657251908396944
0,0,17,4522.576335877862,29.804274809160304,0.478939465648855,12.15114503816794,58.657251908396944
0,0,18,4147.151908396947,32.12679389312977,0.43844343511450384,12.15114503816794,58.657251908396944
0,0,19,3393.4847328244273,36.73801526717558,0.35778824427480915,12.15114503816794,58.657251908396944
0,0,20,2450.969465648855,42.39709923664122,0.25888908396946564,12.15114503816794,58.657251908396944
0,0,21,1696.8396946564885,47.18824427480916,0.1754329007633588,12.15114503816794,58.657251908396944
0,0,22,1131.2022900763359,50.6475572519084,0.11524908396946566,12.15114503816794,58.657251908396944
0,0,23,754.1450381679389,52.908396946564885,0.07790809160305344,12.15114503816794,58.657251908396944
1,1,0,1262.4747474747476,58.7949975949976,0.14132554112554113,9.666233766233766,58.62683982683983
1,1,1,1009.936507936508,60.12299182299182,0.12188427128427129,9.666233766233766,58.62683982683983
1,1,2,909.008177008177,60.68138528138528,0.11390654160654161,9.666233766233766,58.62683982683983
1,1,3,757.5266955266956,61.28734968734968,0.10535993265993265,9.666233766233766,58.62683982683983
1,1,4,1009.936507936508,60.13073593073593,0.12200952380952382,9.666233766233766,58.62683982683983
1,1,5,1767.2621452621452,56.42727272727273,0.17574444444444445,9.666233766233766,58.62683982683983
1,1,6,3282.215007215007,48.808561808561805,0.28685584415584414,9.666233766233766,58.62683982683983
1,1,7,7574.138528138528,27.46940836940837,0.5986474266474267,9.666233766233766,58.62683982683983
1,1,8,9087.82202982203,19.894083694083694,0.7093810966810967,9.666233766233766,58.62683982683983
1,1,9,7068.596921596922,29.945743145743144,0.5623901875901876,9.666233766233766,58.62683982683983
1,1,10,5048.80808080808,40.07638287638288,0.4145580086580086,9.666233766233766,58.62683982683983
1,1,11,4544.553150553151,42.520298220298216,0.37887902837902837,9.666233766233766,58.62683982683983
1,1,12,4291.669552669553,43.6995670995671,0.3614619528619529,9.666233766233766,58.62683982683983
1,1,13,4291.922558922559,43.8010101010101,0.36002010582010585,9.666233766233766,58.62683982683983
1,1,14,4796.902356902357,41.22501202501203,0.39766570466570467,9.666233766233766,58.62683982683983
1,1,15,6059.4146224146225,35.0056277056277,0.48857652717652716,9.666233766233766,58.62683982683983
1,1,16,8079.244348244349,24.844973544973545,0.6370034632034631,9.666233766233766,58.62683982683983
1,1,17,9085.256854256855,19.914237614237614,0.709000048100048,9.666233766233766,58.62683982683983
1,1,18,8582.566618566618,22.3996151996152,0.6727168831168832,9.666233766233766,58.62683982683983
1,1,19,7068.535353535353,29.913131313131313,0.5629158249158249,9.666233766233766,58.62683982683983
1,1,20,5049.462241462242,40.043915343915344,0.414984607984608,9.666233766233766,58.62683982683983
1,1,21,3534.7493987493986,47.526839826839826,0.3056901394901395,9.666233766233766,58.62683982683983
1,1,22,2272.237133237133,53.756565656565655,0.21454367484367484,9.666233766233766,58.62683982683983
1,1,23,1514.7566137566137,57.653487253487256,0.15778345358345358,9.666233766233766,58.62683982683983
1,2,0,2120.722943722944,75.38679653679654,0.177538455988456,9.666233766233766,58.62683982683983
1,2,1,1817.6767676767677,77.27092352092352,0.15726623376623378,9.666233766233766,58.62683982683983
1,2,2,1696.6262626262626,77.64487734487734,0.15324834054834055,9.666233766233766,58.62683982683983
1,2,3,1514.958152958153,78.9060606060606,0.13933354978354978,9.666233766233766,58.62683982683983
1,2,4,1696.6262626262626,77.84220779220779,0.15102886002886,9.666233766233766,58.62683982683983
1,2,5,2726.7604617604616,71.96399711399712,0.2148803751803752,9.666233766233766,58.62683982683983
1,2,6,4847.428571428572,60.352308802308805,0.3415775613275613,9.666233766233766,58.62683982683983
1,2,7,10906.79365079365,26.660894660894662,0.7091333333333333,9.666233766233766,58.62683982683983
1,2,8,13330.079365079366,16.841991341991342,0.816312049062049,9.666233766233766,58.62683982683983
1,2,9,10300.40836940837,29.9512987012987,0.6732890331890332,9.666233766233766,58.62683982683983
1,2,10,7877.030303030303,43.47987012987013,0.5255789321789321,9.666233766233766,58.62683982683983
1,2,11,7271.337662337663,46.856709956709956,0.4888683982683983,9.666233766233766,58.62683982683983
1,2,12,6664.549062049062,50.13412698412698,0.45307568542568544,9.666233766233766,58.62683982683983
1,2,13,6665.324675324675,50.20793650793651,0.4523362193362193,9.666233766233766,58.62683982683983
1,2,14,7271.337662337663,46.942640692640694,0.4879499278499278,9.666233766233766,58.62683982683983
1,2,15,9089.0,36.6525974025974,0.6001466810966811,9.666233766233766,58.62683982683983
1,2,16,11512.799422799422,23.326984126984126,0.7455127705627705,9.666233766233766,58.62683982683983
1,2,17,13328.116883116883,16.864141414141415,0.8160267676767676,9.666233766233766,58.62683982683983
1,2,18,12721.654401154401,18.104112554112554,0.8024462481962481,9.666233766233766,58.62683982683983
1,2,19,10901.592352092352,26.634126984126986,0.70942784992785,9.666233766233766,58.62683982683983
1,2,20,8483.070707070707,40.10656565656566,0.5624011544011545,9.666233766233766,58.62683982683983
1,2,21,6059.354978354978,53.54076479076479,0.41586392496392494,9.666233766233766,58.62683982683983
1,2,22,4241.715728715729,63.63376623376623,0.30585844155844155,9.666233766233766,58.62683982683983
1,2,23,3029.7619047619046,70.42741702741702,0.2317893217893218,9.666233766233766,58.62683982683983
1,0,0,545.3549783549784,51.11835497835498,0.10729385281385281,9.666233766233766,58.62683982683983
1,0,1,436.23809523809524,51.8735064935065,0.09428285714285714,9.666233766233766,58.62683982683983
1,0,2,363.45454545454544,52.11645021645022,0.0899938528138528,9.666233766233766,58.62683982683983
1,0,3,290.7922077922078,52.840086580086584,0.07863904761904762,9.666233766233766,58.62683982683983
1,0,4,363.45454545454544,52.46285714285714,0.08441445887445888,9.666233766233766,58.62683982683983
1,0,5,727.077922077922,50.33670995670996,0.1206021645021645,9.666233766233766,58.62683982683983
1,0,6,1454.3809523809523,46.07082251082252,0.1945161038961039,9.666233766233766,58.62683982683983
1,0,7,3272.186147186147,35.58978354978355,0.37780207792207793,9.666233766233766,58.62683982683983
1,0,8,4360.52987012987,29.24900432900433,0.48866372294372296,9.666233766233766,58.62683982683983
1,0,9,3269.6822510822512,35.51376623376623,0.379187012987013,9.666233766233766,58.62683982683983
1,0,10,2544.668398268398,39.673073593073596,0.3065067532467532,9.666233766233766,58.62683982683983
1,0,11,2181.2294372294373,41.89316017316017,0.26760891774891776,9.666233766233766,58.62683982683983
1,0,12,1999.621645021645,42.940606060606065,0.24921047619047618,9.666233766233766,58.62683982683983
1,0,13,1999.7662337662337,43.04112554112554,0.24757203463203462,9.666233766233766,58.62683982683983
1,0,14,2181.2294372294373,41.818268398268394,0.2688794805194805,9.666233766233766,58.62683982683983
1,0,15,2908.5497835497836,37.513852813852814,0.34415515151515147,9.666233766233766,58.62683982683983
1,0,16,3635.6406926406926,33.49523809523809,0.41448493506493506,9.666233766233766,58.62683982683983
1,0,17,4361.2701298701295,29.095151515151517,0.4913187012987013,9.666233766233766,58.62683982683983
1,0,18,3998.851948051948,31.326493506493506,0.45227177489177495,9.666233766233766,58.62683982683983
1,0,19,3271.042424242424,35.58242424242424,0.3779761038961039,9.666233766233766,58.62683982683983
1,0,20,2363.164502164502,40.93523809523809,0.28433056277056273,9.666233766233766,58.62683982683983
1,0,21,1635.9004329004329,45.101991341991344,0.2115408658008658,9.666233766233766,58.62683982683983
1,0,22,1090.7532467532467,48.228225108225104,0.15679913419913422,9.666233766233766,58.62683982683983
1,0,23,727.077922077922,50.26467532467532,0.1217716883116883,9.666233766233766,58.62683982683983
2,1,0,1236.092352092352,54.64025974025974,0.20166190476190476,13.0,60.53116883116883
2,1,1,988.8412698412699,55.76305916305917,0.18546017316017316,13.0,60.53116883116883
2,1,2,889.8787878787879,56.18051948051948,0.17937489177489177,13.0,60.53116883116883
2,1,3,741.5411255411256,56.907792207792205,0.16858354978354978,13.0,60.53116883116883
2,1,4,988.8412698412699,55.71399711399712,0.18609018759018758,13.0,60.53116883116883
2,1,5,1730.5815295815296,52.44141414141414,0.2339152958152958,13.0,60.53116883116883
2,1,6,3213.744588744589,45.44747474747474,0.3360659451659452,13.0,60.53116883116883
2,1,7,7416.471861471861,26.143145743145745,0.6180607503607504,13.0,60.53116883116883
2,1,8,8898.53823953824,19.31760461760462,0.7178119769119768,13.0,60.53116883116883
2,1,9,6921.95670995671,28.300721500721504,0.5864815295815295,13.0,60.53116883116883
2,1,10,4942.950937950938,37.4940836940837,0.45223708513708516,13.0,60.53116883116883
2,1,11,4449.7835497835495,39.88340548340548,0.41721558441558443,13.0,60.53116883116883
2,1,12,4202.782106782107,40.894372294372296,0.4024652236652237,13.0,60.53116883116883
2,1,13,4202.782106782107,40.984704184704185,0.40118686868686865,13.0,60.53116883116883
2,1,14,4697.137085137085,38.66277056277056,0.4352212121212121,13.0,60.53116883116883
2,1,15,5933.193362193362,32.89004329004329,0.5195620490620491,13.0,60.53116883116883
2,1,16,7911.0317460317465,23.93304473304473,0.6502401154401154,13.0,60.53116883116883
2,1,17,8894.27417027417,19.223376623376623,0.7191285714285715,13.0,60.53116883116883
2,1,18,8405.363636363636,21.574747474747475,0.6847702741702741,13.0,60.53116883116883
2,1,19,6921.95670995671,28.393073593073595,0.5850962481962482,13.0,60.53116883116883
2,1,20,4944.343434343435,37.53520923520924,0.45162366522366526,13.0,60.53116883116883
2,1,21,3461.044733044733,44.36089466089466,0.3519515151515151,13.0,60.53116883116883
2,1,22,2224.933621933622,50.23838383838383,0.26595627705627706,13.0,60.53116883116883
2,1,23,1483.2987012987012,53.393362193362194,0.2200362193362193,13.0,60.53116883116883
2,2,0,2076.7272727272725,70.10584415584415,0.23520974025974026,13.0,60.531168831168834
2,2,1,1779.904761904762,71.31471861471861,0.22180086580086578,13.0,60.531168831168834
2,2,2,1661.4588744588746,72.24242424242425,0.21173722943722942,13.0,60.531168831168834
2,2,3,1483.3116883116884,72.93939393939394,0.20436709956709959,13.0,60.531168831168834
2,2,4,1661.4588744588746,72.37835497835499,0.21033030303030303,13.0,60.531168831168834
2,2,5,2669.987012987013,67.12683982683983,0.2675887445887446,13.0,60.531168831168834
2,2,6,4746.536796536797,55.87229437229437,0.3903504329004329,13.0,60.531168831168834
2,2,7,10679.722943722943,25.846969696969694,0.7179348484848485,13.0,60.531168831168834
2,2,8,13053.08225108225,15.653030303030302,0.829301948051948,13.0,60.531168831168834
2,2,9,10084.354978354979,28.824458874458873,0.685517748917749,13.0,60.531168831168834
2,2,10,7710.950216450216,41.139177489177484,0.5511560606060606,13.0,60.531168831168834
2,2,11,7119.883116883117,43.940909090909095,0.5207203463203464,13.0,60.531168831168834
2,2,12,6524.735930735931,47.29632034632035,0.4844699134199134,13.0,60.531168831168834
2,2,13,6526.69264069264,47.11883116883117,0.4861768398268398,13.0,60.531168831168834
2,2,14,7119.883116883117,43.98008658008658,0.520167316017316,13.0,60.531168831168834
2,2,15,8899.774891774892,35.09761904761905,0.6170872294372294,13.0,60.531168831168834
2,2,16,11272.922077922078,22.726406926406927,0.7519772727272728,13.0,60.531168831168834
2,2,17,13053.08225108225,15.523376623376624,0.8306452380952382,13.0,60.531168831168834
2,2,18,12454.229437229436,17.077272727272728,0.8136688311688313,13.0,60.531168831168834
2,2,19,10679.722943722943,25.71883116883117,0.7195415584415584,13.0,60.531168831168834
2,2,20,8306.337662337663,37.96948051948052,0.5859207792207792,13.0,60.531168831168834
2,2,21,5933.212121212121,50.29004329004329,0.4515454545454545,13.0,60.531168831168834
2,2,22,4153.30735930736,59.337878787878786,0.35267554112554117,13.0,60.531168831168834
2,2,23,2966.6190476190477,65.44588744588745,0.28637770562770565,13.0,60.531168831168834
2,0,0,534.2077922077922,47.40337662337662,0.17130207792207794,13.0,60.531168831168834
2,0,1,427.23376623376623,48.25974025974026,0.1563974025974026,13.0,60.531168831168834
2,0,2,355.8181818181818,48.682857142857145,0.14913922077922076,13.0,60.531168831168834
2,0,3,284.8051948051948,48.99688311688311,0.1433974025974026,13.0,60.531168831168834
2,0,4,355.8181818181818,48.6425974025974,0.14971168831168832,13.0,60.531168831168834
2,0,5,712.012987012987,46.67272727272727,0.18410753246753248,13.0,60.531168831168834
2,0,6,1424.1688311688313,42.81194805194805,0.25164,13.0,60.531168831168834
2,0,7,3204.116883116883,33.16883116883117,0.4199597402597403,13.0,60.531168831168834
2,0,8,4271.961038961039,27.46337662337662,0.5199124675324676,13.0,60.531168831168834
2,0,9,3204.116883116883,33.28909090909091,0.4179158441558442,13.0,60.531168831168834
2,0,10,2491.974025974026,37.11298701298701,0.35118155844155846,13.0,60.531168831168834
2,0,11,2135.7662337662337,38.818441558441556,0.32143714285714287,13.0,60.531168831168834
2,0,12,1957.9610389610389,39.95688311688311,0.30180025974025976,13.0,60.531168831168834
2,0,13,1957.9610389610389,40.08207792207792,0.29944935064935063,13.0,60.531168831168834
2,0,14,2135.7662337662337,38.76935064935065,0.32209506493506496,13.0,60.531168831168834
2,0,15,2847.896103896104,34.95168831168831,0.38916051948051944,13.0,60.531168831168834
2,0,16,3559.909090909091,31.24103896103896,0.4537522077922078,13.0,60.531168831168834
2,0,17,4270.851948051948,27.563636363636363,0.5183122077922078,13.0,60.531168831168834
2,0,18,3912.6363636363635,29.39064935064935,0.4862883116883117,13.0,60.531168831168834
2,0,19,3204.116883116883,33.29116883116883,0.4183025974025974,13.0,60.531168831168834
2,0,20,2314.1688311688313,38.08441558441559,0.3341755844155844,13.0,60.531168831168834
2,0,21,1601.974025974026,41.67584415584416,0.2714379220779221,13.0,60.531168831168834
2,0,22,1067.935064935065,44.56181818181818,0.22119350649350647,13.0,60.531168831168834
2,0,23,712.012987012987,46.71272727272728,0.1837088311688312,13.0,60.531168831168834
3,1,0,1123.3723723723724,48.99219219219219,0.2840960960960961,11.42972972972973,58.956756756756754
3,1,1,898.6486486486486,49.71681681681682,0.27359699699699697,11.42972972972973,58.956756756756754
3,1,2,808.7867867867868,50.199099099099094,0.2666495495495495,11.42972972972973,58.956756756756754
3,1,3,673.8318318318318,50.94834834834835,0.25556996996996995,11.42972972972973,58.956756756756754
3,1,4,898.6486486486486,49.93033033033033,0.27026846846846847,11.42972972972973,58.956756756756754
3,1,5,1572.7417417417416,47.0978978978979,0.31167837837837836,11.42972972972973,58.956756756756754
3,1,6,2920.831831831832,41.41021021021021,0.3951141141141141,11.42972972972973,58.956756756756754
3,1,7,6740.171171171171,25.82372372372372,0.6227321321321321,11.42972972972973,58.956756756756754
3,1,8,8086.147147147147,20.3978978978979,0.7020222222222222,11.42972972972973,58.956756756756754
3,1,9,6290.9669669669665,27.71171171171171,0.5951684684684685,11.42972972972973,58.956756756756754
3,1,10,4493.480480480481,35.16306306306306,0.4863741741741742,11.42972972972973,58.956756756756754
3,1,11,4044.3063063063064,36.71771771771772,0.4634114114114114,11.42972972972973,58.956756756756754
3,1,12,3819.6486486486488,37.95675675675676,0.445151051051051,11.42972972972973,58.956756756756754
3,1,13,3819.6486486486488,38.099999999999994,0.44350960960960967,11.42972972972973,58.956756756756754
3,1,14,4268.7657657657655,35.983783783783785,0.4744558558558558,11.42972972972973,58.956756756756754
3,1,15,5392.18018018018,31.467267267267268,0.540175975975976,11.42972972972973,58.956756756756754
3,1,16,7189.603603603604,24.02162162162162,0.64903003003003,11.42972972972973,58.956756756756754
3,1,17,8088.360360360361,20.439039039039038,0.701327927927928,11.42972972972973,58.956756756756754
3,1,18,7638.993993993994,22.329429429429428,0.6737138138138138,11.42972972972973,58.956756756756754
3,1,19,6290.9669669669665,27.737537537537538,0.5945330330330331,11.42972972972973,58.956756756756754
3,1,20,4493.480480480481,35.02102102102102,0.4883696696696697,11.42972972972973,58.956756756756754
3,1,21,3145.291291291291,40.648648648648646,0.40624294294294294,11.42972972972973,58.956756756756754
3,1,22,2022.21021021021,45.22582582582583,0.33946456456456453,11.42972972972973,58.956756756756754
3,1,23,1348.066066066066,47.90780780780781,0.30018558558558556,11.42972972972973,58.956756756756754
3,2,0,1887.2702702702702,63.02657657657657,0.31254729729729724,11.429729729729731,58.956756756756754
3,2,1,1617.7027027027027,64.30540540540541,0.29878738738738736,11.429729729729731,58.956756756756754
3,2,2,1509.8468468468468,64.57342342342342,0.29555,11.429729729729731,58.956756756756754
3,2,3,1348.0900900900901,64.98738738738739,0.2908612612612613,11.429729729729731,58.956756756756754
3,2,4,1509.8468468468468,64.87612612612612,0.2927144144144144,11.429729729729731,58.956756756756754
3,2,5,2426.5855855855857,60.81531531531532,0.3366981981981982,11.429729729729731,58.956756756756754
3,2,6,4313.864864864865,51.880180180180176,0.4336869369369369,11.429729729729731,58.956756756756754
3,2,7,9706.045045045044,27.242342342342344,0.7028711711711711,11.429729729729731,58.956756756756754
3,2,8,11855.54054054054,17.456306306306306,0.8094702702702703,11.429729729729731,58.956756756756754
3,2,9,9166.756756756757,29.906306306306305,0.6737927927927928,11.429729729729731,58.956756756756754
3,2,10,7010.027027027027,39.726576576576576,0.5665932432432432,11.429729729729731,58.956756756756754
3,2,11,6470.594594594595,42.08063063063063,0.5407716216216216,11.429729729729731,58.956756756756754
3,2,12,5931.360360360361,44.391891891891895,0.5151945945945946,11.429729729729731,58.956756756756754
3,2,13,5931.360360360361,44.780630630630625,0.5116774774774775,11.429729729729731,58.956756756756754
3,2,14,6470.594594594595,42.68468468468468,0.5345364864864866,11.429729729729731,58.956756756756754
3,2,15,8088.243243243243,34.85585585585586,0.6198698198198198,11.429729729729731,58.956756756756754
3,2,16,10245.135135135135,24.895045045045045,0.728523873873874,11.429729729729731,58.956756756756754
3,2,17,11858.265765765766,17.534234234234233,0.8087319819819819,11.429729729729731,58.956756756756754
3,2,18,11317.972972972973,19.888288288288287,0.782972972972973,11.429729729729731,58.956756756756754
3,2,19,9706.045045045044,27.487837837837837,0.7002112612612612,11.429729729729731,58.956756756756754
3,2,20,7549.117117117117,37.22747747747748,0.5937216216216216,11.429729729729731,58.956756756756754
3,2,21,5392.18018018018,47.02477477477478,0.4868472972972973,11.429729729729731,58.956756756756754
3,2,22,3774.3783783783783,54.027927927927934,0.41039954954954955,11.429729729729731,58.956756756756754
3,2,23,2696.162162162162,59.186036036036036,0.353981981981982,11.429729729729731,58.956756756756754
3,0,0,485.3783783783784,42.58918918918919,0.2553756756756757,11.42972972972973,58.956756756756754
3,0,1,388.05405405405406,43.22,0.2442491891891892,11.42972972972973,58.956756756756754
3,0,2,323.6216216216216,43.262702702702704,0.2434535135135135,11.42972972972973,58.956756756756754
3,0,3,258.8378378378378,43.27189189189189,0.24315405405405405,11.42972972972973,58.956756756756754
3,0,4,323.6216216216216,43.24540540540541,0.24459675675675674,11.42972972972973,58.956756756756754
3,0,5,647.2162162162163,41.803243243243244,0.26919243243243246,11.42972972972973,58.956756756756754
3,0,6,1294.1081081081081,38.392432432432436,0.3291156756756757,11.42972972972973,58.956756756756754
3,0,7,2911.7567567567567,30.864864864864863,0.4604108108108108,11.42972972972973,58.956756756756754
3,0,8,3882.5135135135133,26.114594594594593,0.5434837837837838,11.42972972972973,58.956756756756754
3,0,9,2911.7567567567567,30.87135135135135,0.46017243243243244,11.42972972972973,58.956756756756754
3,0,10,2264.7837837837837,34.19837837837838,0.4022037837837838,11.42972972972973,58.956756756756754
3,0,11,1941.2162162162163,35.50648648648649,0.3789848648648649,11.42972972972973,58.956756756756754
3,0,12,1779.4324324324325,36.21189189189189,0.3671789189189189,11.42972972972973,58.956756756756754
3,0,13,1779.4324324324325,36.10594594594595,0.36827027027027026,11.42972972972973,58.956756756756754
3,0,14,1941.2162162162163,35.63243243243243,0.37719135135135134,11.42972972972973,58.956756756756754
3,0,15,2588.135135135135,32.32,0.4349881081081081,11.42972972972973,58.956756756756754
3,0,16,3235.3513513513512,29.329189189189186,0.48697135135135133,11.42972972972973,58.956756756756754
3,0,17,3882.5135135135133,26.12972972972973,0.5430886486486487,11.42972972972973,58.956756756756754
3,0,18,3558.891891891892,27.778918918918922,0.5141989189189189,11.42972972972973,58.956756756756754
3,0,19,2911.7567567567567,31.064864864864866,0.45678864864864865,11.42972972972973,58.956756756756754
3,0,20,2102.7567567567567,34.64054054054054,0.39403027027027027,11.42972972972973,58.956756756756754
3,0,21,1455.945945945946,37.80108108108108,0.33891405405405406,11.42972972972973,58.956756756756754
3,0,22,970.4864864864865,40.1945945945946,0.2980637837837838,11.42972972972973,58.956756756756754
3,0,23,647.2162162162163,41.57297297297297,0.27324918918918917,11.42972972972973,58.956756756756754
4,1,0,879.5555555555555,34.92037037037037,0.490287037037037,12.933333333333334,61.18333333333334
4,1,1,703.574074074074,35.531481481481485,0.48122777777777775,12.933333333333334,61.18333333333334
4,1,2,633.1666666666666,35.512962962962966,0.4818796296296296,12.933333333333334,61.18333333333334
4,1,3,527.6481481481482,35.9425925925926,0.4750574074074074,12.933333333333334,61.18333333333334
4,1,4,703.574074074074,35.05925925925926,0.48782592592592594,12.933333333333334,61.18333333333334
4,1,5,1231.2222222222222,34.333333333333336,0.49877222222222223,12.933333333333334,61.18333333333334
4,1,6,2286.537037037037,31.427777777777777,0.5411740740740741,12.933333333333334,61.18333333333334
4,1,7,5276.592592592592,22.65555555555556,0.6692351851851852,12.933333333333334,61.18333333333334
4,1,8,6332.074074074074,19.255555555555556,0.7187888888888888,12.933333333333334,61.18333333333334
4,1,9,4916.222222222223,23.585185185185182,0.6552777777777777,12.933333333333334,61.18333333333334
4,1,10,3514.037037037037,27.548148148148147,0.5977444444444444,12.933333333333334,61.18333333333334
4,1,11,3166.1666666666665,28.674074074074074,0.5808185185185185,12.933333333333334,61.18333333333334
4,1,12,2985.722222222222,28.824074074074073,0.578975925925926,12.933333333333334,61.18333333333334
4,1,13,2990.240740740741,28.727777777777778,0.5799462962962963,12.933333333333334,61.18333333333334
4,1,14,3341.9074074074074,27.94074074074074,0.5921259259259259,12.933333333333334,61.18333333333334
4,1,15,4221.333333333333,25.49259259259259,0.6276574074074075,12.933333333333334,61.18333333333334
4,1,16,5628.537037037037,21.125925925925927,0.6912907407407408,12.933333333333334,61.18333333333334
4,1,17,6321.611111111111,19.44814814814815,0.7156592592592593,12.933333333333334,61.18333333333334
4,1,18,5980.388888888889,20.58888888888889,0.6991962962962963,12.933333333333334,61.18333333333334
4,1,19,4925.0,23.553703703703704,0.6557685185185185,12.933333333333334,61.18333333333334
4,1,20,3517.8888888888887,27.46481481481481,0.598801851851852,12.933333333333334,61.18333333333334
4,1,21,2462.240740740741,30.211111111111112,0.5586944444444444,12.933333333333334,61.18333333333334
4,1,22,1583.1296296296296,32.98148148148148,0.5180111111111111,12.933333333333334,61.18333333333334
4,1,23,1055.2592592592594,34.592592592592595,0.49443148148148147,12.933333333333334,61.18333333333334
4,2,0,1477.4444444444443,46.62777777777777,0.4916055555555556,12.933333333333332,61.18333333333333
4,2,1,1266.3333333333333,45.28055555555555,0.5068305555555556,12.933333333333332,61.18333333333333
4,2,2,1182.0555555555557,46.91111111111111,0.4888222222222222,12.933333333333332,61.18333333333333
4,2,3,1055.4444444444443,47.233333333333334,0.4852694444444444,12.933333333333332,61.18333333333333
4,2,4,1182.0555555555557,46.955555555555556,0.48796944444444446,12.933333333333332,61.18333333333333
4,2,5,1899.7222222222222,43.3,0.5273138888888889,12.933333333333332,61.18333333333333
4,2,6,3377.1666666666665,39.66388888888889,0.56705,12.933333333333332,61.18333333333333
4,2,7,7598.5,26.1,0.7158194444444445,12.933333333333332,61.18333333333333
4,2,8,9287.055555555555,20.333333333333332,0.7781583333333333,12.933333333333332,61.18333333333333
4,2,9,7176.444444444444,27.86388888888889,0.6962777777777778,12.933333333333332,61.18333333333333
4,2,10,5488.0,32.513888888888886,0.64515,12.933333333333332,61.18333333333333
4,2,11,5065.611111111111,34.21666666666667,0.6264277777777778,12.933333333333332,61.18333333333333
4,2,12,4643.444444444444,34.59722222222222,0.6219527777777778,12.933333333333332,61.18333333333333
4,2,13,4643.444444444444,35.599999999999994,0.6119583333333334,12.933333333333332,61.18333333333333
4,2,14,5065.611111111111,34.59722222222222,0.6220277777777778,12.933333333333332,61.18333333333333
4,2,15,6331.944444444444,29.858333333333334,0.6742055555555555,12.933333333333332,61.18333333333333
4,2,16,8020.555555555556,24.950000000000003,0.7279472222222222,12.933333333333332,61.18333333333333
4,2,17,9287.055555555555,20.447222222222223,0.7772166666666667,12.933333333333332,61.18333333333333
4,2,18,8865.0,21.76111111111111,0.7623527777777778,12.933333333333332,61.18333333333333
4,2,19,7598.5,26.194444444444443,0.7147416666666666,12.933333333333332,61.18333333333333
4,2,20,5909.944444444444,31.730555555555554,0.6542611111111111,12.933333333333332,61.18333333333333
4,2,21,4221.444444444444,36.830555555555556,0.5979611111111112,12.933333333333332,61.18333333333333
4,2,22,2954.777777777778,40.72777777777778,0.5559055555555555,12.933333333333332,61.18333333333333
4,2,23,2110.8333333333335,43.416666666666664,0.5259166666666667,12.933333333333332,61.18333333333333
4,0,0,380.0,30.153333333333332,0.4734166666666667,12.933333333333334,61.18333333333333
4,0,1,304.1666666666667,30.09,0.4731333333333333,12.933333333333334,61.18333333333333
4,0,2,253.33333333333334,31.1,0.45660333333333336,12.933333333333334,61.18333333333333
4,0,3,202.5,30.709999999999997,0.46321999999999997,12.933333333333334,61.18333333333333
4,0,4,253.33333333333334,30.90666666666667,0.4596133333333333,12.933333333333334,61.18333333333333
4,0,5,506.6666666666667,30.063333333333333,0.47403999999999996,12.933333333333334,61.18333333333333
4,0,6,1013.1666666666666,27.896666666666665,0.5123366666666667,12.933333333333334,61.18333333333333
4,0,7,2279.5,24.12,0.5787033333333333,12.933333333333334,61.18333333333333
4,0,8,3039.5,20.990000000000002,0.6330633333333334,12.933333333333334,61.18333333333333
4,0,9,2279.5,23.603333333333335,0.5876800000000001,12.933333333333334,61.18333333333333
4,0,10,1773.0,25.566666666666666,0.5529133333333333,12.933333333333334,61.18333333333333
4,0,11,1519.6666666666667,26.546666666666667,0.53588,12.933333333333334,61.18333333333333
4,0,12,1393.1666666666667,26.96333333333333,0.5286866666666666,12.933333333333334,61.18333333333333
4,0,13,1393.1666666666667,26.533333333333335,0.5365633333333334,12.933333333333334,61.18333333333333
4,0,14,1519.6666666666667,25.836666666666666,0.5480566666666667,12.933333333333334,61.18333333333333
4,0,15,2026.1666666666667,24.873333333333335,0.5648666666666667,12.933333333333334,61.18333333333333
4,0,16,2532.8333333333335,23.623333333333335,0.5873966666666667,12.933333333333334,61.18333333333333
4,0,17,3039.5,21.123333333333335,0.6304933333333334,12.933333333333334,61.18333333333333
4,0,18,2786.1666666666665,22.436666666666667,0.60829,12.933333333333334,61.18333333333333
4,0,19,2279.5,23.673333333333336,0.5865066666666666,12.933333333333334,61.18333333333333
4,0,20,1646.1666666666667,25.87,0.5478833333333333,12.933333333333334,61.18333333333333
4,0,21,1139.6666666666667,28.14,0.50817,12.933333333333334,61.18333333333333
4,0,22,759.8333333333334,28.84,0.4958266666666667,12.933333333333334,61.18333333333333
4,0,23,506.6666666666667,29.266666666666666,0.48878,12.933333333333334,61.18333333333333
5,1,0,1018.9133709981168,50.62071563088512,0.2604015065913371,2.3796610169491528,58.55593220338983
5,1,1,815.1694915254237,51.45875706214689,0.24816723163841808,2.3796610169491528,58.55593220338983
5,1,2,733.6290018832392,51.52824858757062,0.24690979284369116,2.3796610169491528,58.55593220338983
5,1,3,611.276836158192,52.18983050847457,0.2375738229755179,2.3796610169491528,58.55593220338983
5,1,4,815.1694915254237,51.31318267419962,0.2502131826741996,2.3796610169491528,58.55593220338983
5,1,5,1426.5329566854991,48.99284369114878,0.28395649717514126,2.3796610169491528,58.55593220338983
5,1,6,2649.184557438795,43.8346516007533,0.3595521657250471,2.3796610169491528,58.55593220338983
5,1,7,6113.536723163842,29.04783427495292,0.5755792843691149,2.3796610169491528,58.55593220338983
5,1,8,7335.001883239172,24.10433145009416,0.6478487758945386,2.3796610169491528,58.55593220338983
5,1,9,5705.838041431261,30.853860640301317,0.5491489642184557,2.3796610169491528,58.55593220338983
5,1,10,4074.8870056497176,37.835216572504706,0.447284934086629,2.3796610169491528,58.55593220338983
5,1,11,3668.0320150659136,39.67231638418079,0.4202841807909604,2.3796610169491528,58.55593220338983
5,1,12,3464.3389830508477,40.3909604519774,0.4098984934086629,2.3796610169491528,58.55593220338983
5,1,13,3464.3389830508477,40.32146892655367,0.41085367231638414,2.3796610169491528,58.55593220338983
5,1,14,3871.2881355932204,38.55951035781544,0.43680903954802264,2.3796610169491528,58.55593220338983
5,1,15,4890.873822975518,34.38738229755179,0.4975344632768362,2.3796610169491528,58.55593220338983
5,1,16,6521.222222222223,27.63728813559322,0.5962265536723164,2.3796610169491528,58.55593220338983
5,1,17,7334.772128060264,24.089265536723165,0.6480474576271187,2.3796610169491528,58.55593220338983
5,1,18,6925.419962335217,25.716007532956688,0.6242764595103578,2.3796610169491528,58.55593220338983
5,1,19,5705.838041431261,30.920715630885127,0.5482450094161959,2.3796610169491528,58.55593220338983
5,1,20,4075.7043314500943,37.73898305084746,0.4486822975517891,2.3796610169491528,58.55593220338983
5,1,21,2853.084745762712,42.924482109227874,0.37266873822975516,2.3796610169491528,58.55593220338983
5,1,22,1834.1318267419963,47.245951035781545,0.3098003766478343,2.3796610169491528,58.55593220338983
5,1,23,1222.527306967985,49.85404896421846,0.2713638418079096,2.3796610169491528,58.55593220338983
5,2,0,1711.8022598870057,65.57740112994351,0.2846361581920904,2.3796610169491523,58.55593220338983
5,2,1,1467.0338983050847,66.51581920903955,0.27413022598870057,2.3796610169491523,58.55593220338983
5,2,2,1369.4632768361582,67.08785310734463,0.26802090395480227,2.3796610169491523,58.55593220338983
5,2,3,1222.6666666666667,67.48050847457627,0.26372429378531076,2.3796610169491523,58.55593220338983
5,2,4,1369.4632768361582,67.05282485875706,0.2682494350282486,2.3796610169491523,58.55593220338983
5,2,5,2201.039548022599,62.92259887005649,0.31345084745762714,2.3796610169491523,58.55593220338983
5,2,6,3912.4802259887006,55.105932203389834,0.39886129943502824,2.3796610169491523,58.55593220338983
5,2,7,8803.333333333334,32.35536723163842,0.6471460451977401,2.3796610169491523,58.55593220338983
5,2,8,10759.9604519774,23.046327683615818,0.7485850282485875,2.3796610169491523,58.55593220338983
5,2,9,8311.084745762711,34.594632768361585,0.622595197740113,2.3796610169491523,58.55593220338983
5,2,10,6356.757062146893,43.59604519774011,0.5245098870056497,2.3796610169491523,58.55593220338983
5,2,11,5869.135593220339,45.76751412429379,0.5006782485875707,2.3796610169491523,58.55593220338983
5,2,12,5379.954802259887,48.22344632768361,0.4737237288135593,2.3796610169491523,58.55593220338983
5,2,13,5379.954802259887,48.29689265536723,0.4730073446327684,2.3796610169491523,58.55593220338983
5,2,14,5869.135593220339,46.1590395480226,0.49646186440677964,2.3796610169491523,58.55593220338983
5,2,15,7336.220338983051,39.215819209039545,0.5721502824858757,2.3796610169491523,58.55593220338983
5,2,16,9292.531073446327,30.09632768361582,0.6717929378531073,2.3796610169491523,58.55593220338983
5,2,17,10757.412429378532,23.211581920903953,0.746854802259887,2.3796610169491523,58.55593220338983
5,2,18,10270.683615819209,25.39830508474576,0.7229098870056497,2.3796610169491523,58.55593220338983
5,2,19,8803.333333333334,32.242372881355934,0.648447175141243,2.3796610169491523,58.55593220338983
5,2,20,6847.039548022599,41.56468926553672,0.5465587570621468,2.3796610169491523,58.55593220338983
5,2,21,4890.853107344633,50.77005649717514,0.4461960451977401,2.3796610169491523,58.55593220338983
5,2,22,3423.74011299435,57.34971751412429,0.3742550847457627,2.3796610169491523,58.55593220338983
5,2,23,2445.35593220339,61.77062146892655,0.326190395480226,2.3796610169491523,58.55593220338983
5,0,0,440.271186440678,43.459661016949156,0.24040474576271184,2.3796610169491523,58.55593220338983
5,0,1,352.06779661016947,44.01220338983051,0.23087322033898308,2.3796610169491523,58.55593220338983
5,0,2,293.22033898305085,44.547118644067794,0.2209993220338983,2.3796610169491523,58.55593220338983
5,0,3,234.72881355932202,44.72983050847457,0.218024406779661,2.3796610169491523,58.55593220338983
5,0,4,293.22033898305085,44.44406779661017,0.22319084745762713,2.3796610169491523,58.55593220338983
5,0,5,586.7796610169491,43.10203389830509,0.24618135593220336,2.3796610169491523,58.55593220338983
5,0,6,1173.9830508474577,39.94271186440678,0.3017552542372881,2.3796610169491523,58.55593220338983
5,0,7,2641.2203389830506,32.86169491525424,0.4252240677966102,2.3796610169491523,58.55593220338983
5,0,8,3521.2203389830506,28.74,0.4977047457627119,2.3796610169491523,58.55593220338983
5,0,9,2641.2203389830506,32.937627118644066,0.42429559322033894,2.3796610169491523,58.55593220338983
5,0,10,2054.0169491525426,35.68372881355933,0.37608745762711865,2.3796610169491523,58.55593220338983
5,0,11,1760.5593220338983,37.46677966101695,0.3448976271186441,2.3796610169491523,58.55593220338983
5,0,12,1614.1694915254238,38.03864406779661,0.33486,2.3796610169491523,58.55593220338983
5,0,13,1614.1694915254238,37.849152542372885,0.33819593220338984,2.3796610169491523,58.55593220338983
5,0,14,1760.5593220338983,37.42033898305085,0.34568983050847457,2.3796610169491523,58.55593220338983
5,0,15,2347.7796610169494,34.34101694915255,0.3997152542372881,2.3796610169491523,58.55593220338983
5,0,16,2934.4406779661017,31.459661016949156,0.4502552542372881,2.3796610169491523,58.55593220338983
5,0,17,3521.2203389830506,28.65694915254237,0.49917830508474575,2.3796610169491523,58.55593220338983
5,0,18,3227.7796610169494,30.168813559322032,0.47303186440677963,2.3796610169491523,58.55593220338983
5,0,19,2641.2203389830506,33.065423728813556,0.4220162711864407,2.3796610169491523,58.55593220338983
5,0,20,1907.4745762711864,36.88203389830509,0.35509389830508475,2.3796610169491523,58.55593220338983
5,0,21,1320.2711864406779,39.34305084745763,0.31207457627118645,2.3796610169491523,58.55593220338983
5,0,22,880.4237288135594,41.33830508474576,0.27756881355932206,2.3796610169491523,58.55593220338983
5,0,23,586.7796610169491,43.082711864406775,0.24701898305084743,2.3796610169491523,58.55593220338983
6,1,0,902.8686868686868,41.42356902356902,0.3949393939393939,4.993939393939394,56.451515151515146
6,1,1,722.3367003367003,42.25757575757576,0.3828077441077441,4.993939393939394,56.451515151515146
6,1,2,650.023569023569,42.19225589225589,0.383449494949495,4.993939393939394,56.451515151515146
6,1,3,541.7643097643098,42.76397306397306,0.37518821548821546,4.993939393939394,56.451515151515146
6,1,4,722.3367003367003,41.90639730639731,0.3878845117845118,4.993939393939394,56.451515151515146
6,1,5,1264.1683501683501,40.38552188552188,0.4099087542087542,4.993939393939394,56.451515151515146
6,1,6,2347.5016835016836,36.63636363636363,0.46477340067340067,4.993939393939394,56.451515151515146
6,1,7,5417.484848484848,26.14040404040404,0.6181023569023569,4.993939393939394,56.451515151515146
6,1,8,6500.979797979798,22.327609427609428,0.6738599326599327,4.993939393939394,56.451515151515146
6,1,9,5056.279461279461,27.42962962962963,0.59926632996633,4.993939393939394,56.451515151515146
6,1,10,3611.6700336700337,32.33131313131313,0.5277585858585859,4.993939393939394,56.451515151515146
6,1,11,3250.4646464646466,33.60740740740741,0.5091141414141414,4.993939393939394,56.451515151515146
6,1,12,3068.060606060606,34.074747474747475,0.5023276094276095,4.993939393939394,56.451515151515146
6,1,13,3069.8821548821547,34.17643097643098,0.5006289562289562,4.993939393939394,56.451515151515146
6,1,14,3430.13468013468,33.06498316498316,0.5170468013468014,4.993939393939394,56.451515151515146
6,1,15,4333.983164983165,29.807744107744107,0.5644511784511784,4.993939393939394,56.451515151515146
6,1,16,5778.683501683502,24.85185185185185,0.6369262626262626,4.993939393939394,56.451515151515146
6,1,17,6498.962962962963,22.493939393939392,0.6714464646464646,4.993939393939394,56.451515151515146
6,1,18,6135.542087542088,23.72289562289562,0.6534087542087542,4.993939393939394,56.451515151515146
6,1,19,5056.279461279461,27.467340067340068,0.5986791245791246,4.993939393939394,56.451515151515146
6,1,20,3611.6700336700337,32.19191919191919,0.5298848484848485,4.993939393939394,56.451515151515146
6,1,21,2528.151515151515,36.08417508417509,0.47283973063973067,4.993939393939394,56.451515151515146
6,1,22,1625.1818181818182,39.08350168350168,0.4288666666666667,4.993939393939394,56.451515151515146
6,1,23,1083.5016835016836,40.67340067340067,0.40564242424242425,4.993939393939394,56.451515151515146
6,2,0,1516.989898989899,54.035353535353536,0.41060858585858584,4.993939393939394,56.45151515151515
6,2,1,1300.1818181818182,54.75454545454545,0.4025808080808081,4.993939393939394,56.45151515151515
6,2,2,1213.3636363636363,54.91868686868687,0.4014035353535354,4.993939393939394,56.45151515151515
6,2,3,1083.4545454545455,55.43282828282829,0.39500050505050505,4.993939393939394,56.45151515151515
6,2,4,1213.3636363636363,54.95757575757576,0.4006858585858586,4.993939393939394,56.45151515151515
6,2,5,1950.2525252525252,52.41464646464647,0.42811666666666665,4.993939393939394,56.45151515151515
6,2,6,3467.181818181818,46.5040404040404,0.49292070707070706,4.993939393939394,56.45151515151515
6,2,7,7801.161616161616,30.115656565656565,0.6715095959595959,4.993939393939394,56.45151515151515
6,2,8,9531.30303030303,23.47070707070707,0.7439252525252525,4.993939393939394,56.45151515151515
6,2,9,7367.79797979798,31.755555555555556,0.6536540404040404,4.993939393939394,56.45151515151515
6,2,10,5634.181818181818,38.114141414141415,0.5840398989898989,4.993939393939394,56.45151515151515
6,2,11,5200.79797979798,40.07373737373737,0.562749494949495,4.993939393939394,56.45151515151515
6,2,12,4765.823232323232,41.52020202020202,0.5467929292929293,4.993939393939394,56.45151515151515
6,2,13,4767.424242424242,41.438383838383835,0.5477868686868687,4.993939393939394,56.45151515151515
6,2,14,5200.79797979798,39.69747474747475,0.5669212121212122,4.993939393939394,56.45151515151515
6,2,15,6500.979797979798,35.005050505050505,0.6180686868686869,4.993939393939394,56.45151515151515
6,2,16,8234.535353535353,28.54040404040404,0.6884045454545454,4.993939393939394,56.45151515151515
6,2,17,9534.777777777777,23.42929292929293,0.7443464646464646,4.993939393939394,56.45151515151515
6,2,18,9097.954545454546,25.062121212121212,0.7266631313131313,4.993939393939394,56.45151515151515
6,2,19,7797.055555555556,29.966161616161617,0.6729353535353535,4.993939393939394,56.45151515151515
6,2,20,6067.535353535353,36.77272727272727,0.5989525252525253,4.993939393939394,56.45151515151515
6,2,21,4334.0,43.236363636363635,0.5283722222222222,4.993939393939394,56.45151515151515
6,2,22,3033.7979797979797,48.04494949494949,0.475960101010101,4.993939393939394,56.45151515151515
6,2,23,2167.0,51.26262626262626,0.4404530303030303,4.993939393939394,56.45151515151515
6,0,0,390.1212121212121,35.766666666666666,0.3747012121212121,4.993939393939394,56.45151515151515
6,0,1,311.8787878787879,36.18,0.36756,4.993939393939394,56.45151515151515
6,0,2,259.969696969697,36.304848484848485,0.3657933333333333,4.993939393939394,56.45151515151515
6,0,3,208.21212121212122,36.415151515151514,0.36336,4.993939393939394,56.45151515151515
6,0,4,259.969696969697,36.03212121212121,0.36934484848484844,4.993939393939394,56.45151515151515
6,0,5,520.0909090909091,35.56727272727273,0.3781278787878788,4.993939393939394,56.45151515151515
6,0,6,1040.2121212121212,33.13090909090909,0.4206042424242424,4.993939393939394,56.45151515151515
6,0,7,2340.3939393939395,28.199393939393936,0.5069375757575758,4.993939393939394,56.45151515151515
6,0,8,3117.9636363636364,24.847878787878784,0.5656163636363637,4.993939393939394,56.45151515151515
6,0,9,2340.3939393939395,27.889090909090907,0.5124909090909091,4.993939393939394,56.45151515151515
6,0,10,1820.3030303030303,30.0,0.47569272727272727,4.993939393939394,56.45151515151515
6,0,11,1560.1818181818182,31.10787878787879,0.4564557575757576,4.993939393939394,56.45151515151515
6,0,12,1430.2121212121212,31.63030303030303,0.44686727272727267,4.993939393939394,56.45151515151515
6,0,13,1430.2121212121212,31.782424242424245,0.4443739393939394,4.993939393939394,56.45151515151515
6,0,14,1560.1818181818182,31.05030303030303,0.4570127272727273,4.993939393939394,56.45151515151515
6,0,15,2080.3030303030305,28.9630303030303,0.4938296969696969,4.993939393939394,56.45151515151515
6,0,16,2600.3939393939395,26.78909090909091,0.5317630303030303,4.993939393939394,56.45151515151515
6,0,17,3116.6545454545453,24.889090909090907,0.5651484848484848,4.993939393939394,56.45151515151515
6,0,18,2856.3939393939395,25.796363636363633,0.5488509090909091,4.993939393939394,56.45151515151515
6,0,19,2340.3939393939395,28.28848484848485,0.5054066666666667,4.993939393939394,56.45151515151515
6,0,20,1690.3030303030303,30.44969696969697,0.4677769696969697,4.993939393939394,56.45151515151515
6,0,21,1170.1818181818182,32.4169696969697,0.43312969696969694,4.993939393939394,56.45151515151515
6,0,22,780.1212121212121,34.27757575757576,0.40017818181818177,4.993939393939394,56.45151515151515
6,0,23,520.0909090909091,35.10242424242424,0.3863678787878788,4.993939393939394,56.45151515151515
7,1,0,623.4126984126984,29.81111111111111,0.5645412698412698,15.114285714285716,57.77142857142857
7,1,1,498.6666666666667,29.744444444444447,0.5650587301587302,15.114285714285716,57.77142857142857
7,1,2,448.8412698412698,29.885714285714286,0.5631777777777779,15.114285714285716,57.77142857142857
7,1,3,373.92063492063494,30.063492063492063,0.5610873015873016,15.114285714285716,57.77142857142857
7,1,4,498.6666666666667,30.26984126984127,0.5580730158730158,15.114285714285716,57.77142857142857
7,1,5,872.5079365079365,29.014285714285716,0.5762428571428572,15.114285714285716,57.77142857142857
7,1,6,1620.7460317460318,27.22063492063492,0.6022539682539683,15.114285714285716,57.77142857142857
7,1,7,3739.936507936508,22.22380952380952,0.6753126984126984,15.114285714285716,57.77142857142857
7,1,8,4487.841269841269,20.33650793650794,0.7029238095238095,15.114285714285716,57.77142857142857
7,1,9,3490.5873015873017,22.760317460317463,0.6674650793650794,15.114285714285716,57.77142857142857
7,1,10,2493.253968253968,25.057142857142857,0.6337142857142857,15.114285714285716,57.77142857142857
7,1,11,2243.904761904762,25.461904761904762,0.6281555555555556,15.114285714285716,57.77142857142857
7,1,12,2119.3333333333335,25.72857142857143,0.6237666666666667,15.114285714285716,57.77142857142857
7,1,13,2119.3333333333335,26.53174603174603,0.6122714285714286,15.114285714285716,57.77142857142857
7,1,14,2368.5079365079364,25.622222222222224,0.6259555555555556,15.114285714285716,57.77142857142857
7,1,15,2991.9206349206347,23.942857142857143,0.6500746031746032,15.114285714285716,57.77142857142857
7,1,16,3989.1746031746034,21.75873015873016,0.6821857142857143,15.114285714285716,57.77142857142857
7,1,17,4487.841269841269,20.30952380952381,0.703468253968254,15.114285714285716,57.77142857142857
7,1,18,4231.015873015873,21.103174603174605,0.691731746031746,15.114285714285716,57.77142857142857
7,1,19,3490.5873015873017,22.599999999999998,0.6696888888888889,15.114285714285716,57.77142857142857
7,1,20,2493.253968253968,25.42063492063492,0.6282492063492063,15.114285714285716,57.77142857142857
7,1,21,1745.3492063492063,26.785714285714285,0.6087634920634921,15.114285714285716,57.77142857142857
7,1,22,1122.079365079365,28.536507936507935,0.5832984126984126,15.114285714285716,57.77142857142857
7,1,23,748.015873015873,29.38730158730159,0.5707587301587301,15.114285714285716,57.77142857142857
7,2,0,1047.047619047619,38.7,0.5784761904761905,15.114285714285714,57.77142857142857
7,2,1,897.6190476190476,39.4,0.5703904761904761,15.114285714285714,57.77142857142857
7,2,2,837.7142857142857,39.714285714285715,0.5672333333333333,15.114285714285714,57.77142857142857
7,2,3,748.047619047619,39.96190476190476,0.5632380952380952,15.114285714285714,57.77142857142857
7,2,4,837.7142857142857,39.173809523809524,0.5726309523809524,15.114285714285714,57.77142857142857
7,2,5,1346.4285714285713,38.28809523809524,0.5825785714285714,15.114285714285714,57.77142857142857
7,2,6,2393.5238095238096,35.71190476190476,0.6108761904761905,15.114285714285714,57.77142857142857
7,2,7,5385.428571428572,27.65952380952381,0.6985166666666667,15.114285714285714,57.77142857142857
7,2,8,6582.190476190476,24.185714285714283,0.7359571428571429,15.114285714285714,57.77142857142857
7,2,9,5086.190476190476,28.242857142857144,0.6918452380952381,15.114285714285714,57.77142857142857
7,2,10,3859.8333333333335,31.383333333333333,0.6574,15.114285714285714,57.77142857142857
7,2,11,3590.285714285714,32.41190476190476,0.6467047619047619,15.114285714285714,57.77142857142857
7,2,12,3291.095238095238,32.852380952380955,0.6417380952380952,15.114285714285714,57.77142857142857
7,2,13,3291.095238095238,33.74285714285715,0.6315642857142857,15.114285714285714,57.77142857142857
7,2,14,3590.285714285714,32.18333333333334,0.6493476190476191,15.114285714285714,57.77142857142857
7,2,15,4487.9047619047615,29.75238095238095,0.6754166666666667,15.114285714285714,57.77142857142857
7,2,16,5684.714285714285,26.866666666666667,0.7066666666666667,15.114285714285714,57.77142857142857
7,2,17,6582.190476190476,24.257142857142856,0.7354261904761904,15.114285714285714,57.77142857142857
7,2,18,6282.9047619047615,24.926190476190477,0.7282333333333333,15.114285714285714,57.77142857142857
7,2,19,5385.428571428572,27.32857142857143,0.7016,15.114285714285714,57.77142857142857
7,2,20,4188.714285714285,30.814285714285717,0.6634785714285714,15.114285714285714,57.77142857142857
7,2,21,2991.904761904762,34.15952380952381,0.627502380952381,15.114285714285714,57.77142857142857
7,2,22,2094.3809523809523,36.56904761904762,0.6010261904761904,15.114285714285714,57.77142857142857
7,2,23,1495.904761904762,38.142857142857146,0.5842095238095238,15.114285714285714,57.77142857142857
7,0,0,269.14285714285717,25.334285714285716,0.5569,15.114285714285714,57.77142857142857
7,0,1,215.28571428571428,25.154285714285713,0.5603714285714285,15.114285714285714,57.77142857142857
7,0,2,179.57142857142858,25.745714285714286,0.5502257142857143,15.114285714285714,57.77142857142857
7,0,3,143.71428571428572,25.611428571428572,0.5521285714285714,15.114285714285714,57.77142857142857
7,0,4,179.57142857142858,25.662857142857145,0.5512714285714285,15.114285714285714,57.77142857142857
7,0,5,359.0,25.094285714285714,0.5608342857142857,15.114285714285714,57.77142857142857
7,0,6,718.0,23.662857142857145,0.58628,15.114285714285714,57.77142857142857
7,0,7,1615.5714285714287,21.4,0.6259114285714286,15.114285714285714,57.77142857142857
7,0,8,2154.1428571428573,20.425714285714285,0.6436057142857142,15.114285714285714,57.77142857142857
7,0,9,1600.0285714285715,21.234285714285715,0.62848,15.114285714285714,57.77142857142857
7,0,10,1256.5714285714287,22.645714285714288,0.6042542857142857,15.114285714285714,57.77142857142857
7,0,11,1077.142857142857,22.897142857142857,0.5994857142857143,15.114285714285714,57.77142857142857
7,0,12,987.2857142857143,23.560000000000002,0.5884199999999999,15.114285714285714,57.77142857142857
7,0,13,987.2857142857143,23.771428571428572,0.5853771428571428,15.114285714285714,57.77142857142857
7,0,14,1077.142857142857,23.082857142857144,0.5967771428571429,15.114285714285714,57.77142857142857
7,0,15,1436.142857142857,22.14,0.6134085714285714,15.114285714285714,57.77142857142857
7,0,16,1795.142857142857,20.985714285714284,0.6329571428571429,15.114285714285714,57.77142857142857
7,0,17,2154.1428571428573,19.702857142857145,0.6556457142857143,15.114285714285714,57.77142857142857
7,0,18,1974.7142857142858,20.591428571428573,0.6396371428571429,15.114285714285714,57.77142857142857
7,0,19,1615.5714285714287,21.63142857142857,0.6214028571428571,15.114285714285714,57.77142857142857
7,0,20,1166.857142857143,22.928571428571427,0.5991228571428572,15.114285714285714,57.77142857142857
7,0,21,807.8571428571429,24.062857142857144,0.5792342857142857,15.114285714285714,57.77142857142857
7,0,22,538.5714285714286,24.52857142857143,0.5712485714285714,15.114285714285714,57.77142857142857
7,0,23,359.0,24.965714285714284,0.5645171428571428,15.114285714285714,57.77142857142857
8,1,0,973.1728395061729,40.9604938271605,0.4014691358024691,10.211111111111112,60.87222222222222
8,1,1,778.6481481481482,41.756790123456796,0.3898962962962963,10.211111111111112,60.87222222222222
8,1,2,700.7716049382716,42.611111111111114,0.377491975308642,10.211111111111112,60.87222222222222
8,1,3,584.1234567901234,42.56975308641975,0.3779339506172839,10.211111111111112,60.87222222222222
8,1,4,778.6481481481482,41.665432098765436,0.39128950617283953,10.211111111111112,60.87222222222222
8,1,5,1362.7407407407406,39.74382716049383,0.41920864197530866,10.211111111111112,60.87222222222222
8,1,6,2530.4691358024693,36.0679012345679,0.4732506172839506,10.211111111111112,60.87222222222222
8,1,7,5839.814814814815,24.582716049382718,0.6408382716049382,10.211111111111112,60.87222222222222
8,1,8,7007.771604938272,20.56604938271605,0.6997,10.211111111111112,60.87222222222222
8,1,9,5450.506172839506,25.90864197530864,0.6213833333333334,10.211111111111112,60.87222222222222
8,1,10,3891.91975308642,31.204938271604938,0.5439796296296296,10.211111111111112,60.87222222222222
8,1,11,3503.901234567901,32.7962962962963,0.5208938271604938,10.211111111111112,60.87222222222222
8,1,12,3309.0864197530864,33.29876543209876,0.5136666666666666,10.211111111111112,60.87222222222222
8,1,13,3309.0864197530864,33.45740740740741,0.5114191358024691,10.211111111111112,60.87222222222222
8,1,14,3695.043209876543,31.814814814814813,0.5350858024691357,10.211111111111112,60.87222222222222
8,1,15,4671.858024691358,28.54382716049383,0.5829512345679013,10.211111111111112,60.87222222222222
8,1,16,6229.123456790124,23.242592592592594,0.6603716049382716,10.211111111111112,60.87222222222222
8,1,17,7003.080246913581,20.712345679012348,0.6972993827160493,10.211111111111112,60.87222222222222
8,1,18,6613.246913580247,21.946913580246914,0.6793870370370371,10.211111111111112,60.87222222222222
8,1,19,5450.506172839506,26.183333333333334,0.6173876543209876,10.211111111111112,60.87222222222222
8,1,20,3893.2098765432097,31.47469135802469,0.539670987654321,10.211111111111112,60.87222222222222
8,1,21,2725.253086419753,35.16234567901235,0.4861234567901234,10.211111111111112,60.87222222222222
8,1,22,1751.820987654321,38.709259259259255,0.43449814814814813,10.211111111111112,60.87222222222222
8,1,23,1167.9567901234568,40.34320987654321,0.41067160493827165,10.211111111111112,60.87222222222222
8,2,0,1635.2407407407406,54.1824074074074,0.4092546296296296,10.21111111111111,60.87222222222222
8,2,1,1401.5555555555557,54.40925925925926,0.40632222222222225,10.21111111111111,60.87222222222222
8,2,2,1308.0740740740741,54.912962962962965,0.4007694444444444,10.21111111111111,60.87222222222222
8,2,3,1167.851851851852,55.12777777777778,0.3981601851851852,10.21111111111111,60.87222222222222
8,2,4,1308.0740740740741,54.83148148148148,0.40221111111111113,10.21111111111111,60.87222222222222
8,2,5,2102.222222222222,51.96944444444444,0.43340370370370374,10.21111111111111,60.87222222222222
8,2,6,3737.4814814814813,45.81944444444444,0.5000305555555555,10.21111111111111,60.87222222222222
8,2,7,8409.333333333334,27.79722222222222,0.696737037037037,10.21111111111111,60.87222222222222
8,2,8,10271.601851851852,20.56574074074074,0.7755000000000001,10.21111111111111,60.87222222222222
8,2,9,7928.981481481482,29.63425925925926,0.6765462962962963,10.21111111111111,60.87222222222222
8,2,10,6073.407407407408,36.18518518518518,0.6050574074074073,10.21111111111111,60.87222222222222
8,2,11,5606.222222222223,38.16481481481482,0.5838472222222223,10.21111111111111,60.87222222222222
8,2,12,5139.018518518518,40.05833333333334,0.5627740740740741,10.21111111111111,60.87222222222222
8,2,13,5139.018518518518,40.288888888888884,0.5605453703703703,10.21111111111111,60.87222222222222
8,2,14,5606.222222222223,38.407407407407405,0.5810583333333333,10.21111111111111,60.87222222222222
8,2,15,7007.777777777777,32.775925925925925,0.6426787037037037,10.21111111111111,60.87222222222222
8,2,16,8876.537037037036,25.65462962962963,0.7203175925925926,10.21111111111111,60.87222222222222
8,2,17,10278.074074074075,20.45277777777778,0.7769203703703703,10.21111111111111,60.87222222222222
8,2,18,9810.87037037037,22.600925925925928,0.7534583333333335,10.21111111111111,60.87222222222222
8,2,19,8409.333333333334,27.673148148148147,0.6982481481481481,10.21111111111111,60.87222222222222
8,2,20,6540.611111111111,34.49166666666667,0.6236259259259259,10.21111111111111,60.87222222222222
8,2,21,4671.851851851852,41.45925925925926,0.5480166666666667,10.21111111111111,60.87222222222222
8,2,22,3270.296296296296,47.31296296296296,0.4842259259259259,10.21111111111111,60.87222222222222
8,2,23,2335.925925925926,50.31296296296296,0.4510462962962963,10.21111111111111,60.87222222222222
8,0,0,420.44444444444446,35.403333333333336,0.38106222222222225,10.21111111111111,60.87222222222222
8,0,1,336.3888888888889,36.02777777777778,0.36991111111111113,10.21111111111111,60.87222222222222
8,0,2,280.3333333333333,36.51,0.36115444444444444,10.21111111111111,60.87222222222222
8,0,3,224.22222222222223,36.36,0.36462000000000006,10.21111111111111,60.87222222222222
8,0,4,280.3333333333333,35.76222222222222,0.37499666666666664,10.21111111111111,60.87222222222222
8,0,5,560.6111111111111,35.26222222222222,0.3832088888888889,10.21111111111111,60.87222222222222
8,0,6,1121.2222222222222,33.15222222222222,0.42020111111111114,10.21111111111111,60.87222222222222
8,0,7,2522.777777777778,27.033333333333335,0.52749,10.21111111111111,60.87222222222222
8,0,8,3363.722222222222,23.94888888888889,0.5809344444444444,10.21111111111111,60.87222222222222
8,0,9,2514.511111111111,27.353333333333335,0.5220211111111112,10.21111111111111,60.87222222222222
8,0,10,1962.1666666666667,29.742222222222225,0.4800022222222223,10.21111111111111,60.87222222222222
8,0,11,1681.888888888889,30.64888888888889,0.4642644444444444,10.21111111111111,60.87222222222222
8,0,12,1541.7222222222222,31.182222222222222,0.4548655555555555,10.21111111111111,60.87222222222222
8,0,13,1541.7222222222222,31.14111111111111,0.4558188888888889,10.21111111111111,60.87222222222222
8,0,14,1681.888888888889,30.717777777777776,0.4632933333333333,10.21111111111111,60.87222222222222
8,0,15,2242.5,28.568888888888885,0.5008666666666667,10.21111111111111,60.87222222222222
8,0,16,2803.1111111111113,26.283333333333335,0.5404966666666666,10.21111111111111,60.87222222222222
8,0,17,3363.722222222222,23.776666666666667,0.5841633333333334,10.21111111111111,60.87222222222222
8,0,18,3063.5,25.17222222222222,0.5595366666666667,10.21111111111111,60.87222222222222
8,0,19,2522.777777777778,27.531111111111112,0.5189155555555556,10.21111111111111,60.87222222222222
8,0,20,1822.0,29.94777777777778,0.47605222222222227,10.21111111111111,60.87222222222222
8,0,21,1261.388888888889,32.172222222222224,0.43698888888888887,10.21111111111111,60.87222222222222
8,0,22,840.9444444444445,34.06333333333333,0.40430666666666665,10.21111111111111,60.87222222222222
8,0,23,560.6111111111111,35.227777777777774,0.38411555555555554,10.21111111111111,60.87222222222222
