symptoms,diagnosis,medication,department,severity
头痛、发热、咳嗽、喉咙痛,上呼吸道感染,"阿莫西林, 布洛芬, 复方甘草片",内科,轻
头痛剧烈、恶心呕吐、怕光,偏头痛,"舒马普坦, 布洛芬",神经内科,中
胸痛、胸闷、气短、出汗,冠心病,"阿司匹林, 硝酸甘油",心内科,重
腹痛、腹泻、恶心,急性肠胃炎,"蒙脱石散, 口服补液盐",消化内科,轻
咳嗽、咳痰、发热、呼吸困难,肺炎,"阿奇霉素, 氨溴索",呼吸内科,重
皮肤红疹、瘙痒,过敏性皮炎,"氯雷他定, 炉甘石洗剂",皮肤科,轻
关节肿痛、晨僵,类风湿性关节炎,"甲氨蝶呤, 布洛芬",风湿免疫科,中
多饮多尿、体重下降,糖尿病,二甲双胍,内分泌科,中
头晕、耳鸣、失眠,神经衰弱,"谷维素, 维生素B1",神经内科,轻
腹痛、反酸、烧心,胃食管反流,"奥美拉唑, 多潘立酮",消化内科,轻
尿频、尿急、尿痛,尿路感染,左氧氟沙星,泌尿外科,轻
背痛、僵硬、活动受限,腰肌劳损,"双氯芬酸, 乙哌立松",骨科,轻
眼红、眼痛、视力下降,青光眼,"毛果芸香碱, 噻吗洛尔滴眼液",眼科,重
月经不调、腹痛,月经失调,"益母草颗粒, 布洛芬",妇科,轻
咽喉肿痛、吞咽困难,急性扁桃体炎,"头孢克肟, 开喉剑喷雾",耳鼻喉科,中
发热、皮疹、关节痛,登革热,"对乙酰氨基酚, 补液",感染科,重
腹胀、嗳气、食欲不振,功能性消化不良,"多酶片, 莫沙必利",消化内科,轻
心悸、心慌、乏力,心律失常,"美托洛尔, 稳心颗粒",心内科,中
咳嗽、喘息、胸闷,支气管哮喘,"沙丁胺醇气雾剂, 布地奈德",呼吸内科,中
腰痛、血尿,肾结石,"坦索罗辛, 双氯芬酸",泌尿外科,中
失眠、焦虑、紧张,焦虑症,"艾司西酞普兰, 阿普唑仑",精神科,中
食欲亢进、手抖、消瘦,甲状腺功能亢进,"甲巯咪唑, 普萘洛尔",内分泌科,中
面色苍白、头晕、乏力,贫血,"硫酸亚铁, 维生素C",血液科,轻
肩颈酸痛、手臂麻木,颈椎病,"颈复康颗粒, 乙哌立松",骨科,轻
打喷嚏、流清涕、鼻塞,过敏性鼻炎,"氯雷他定, 布地奈德鼻喷雾",耳鼻喉科,轻
