drug_name,category,indications_text,contraindications_text,side_effects_text,all_attributes
卡马西平_361,内分泌药,细菌感染 便秘 过敏性鼻炎 发热,前列腺肥大 低血压,头晕 乏力 血压升高,内分泌药 细菌感染 便秘 过敏性鼻炎 发热 前列腺肥大 低血压 头晕 乏力 血压升高
恩替卡韦_73,解热镇痛药,病毒性感染 上呼吸道感染 便秘 高血压,孕妇,口干 心悸 血压升高 皮疹,解热镇痛药 病毒性感染 上呼吸道感染 便秘 高血压 孕妇 口干 心悸 血压升高 皮疹
蒲地蓝_374,内分泌药,支气管炎 发热 心绞痛,孕妇 前列腺肥大,口干 乏力 嗜睡,内分泌药 支气管炎 发热 心绞痛 孕妇 前列腺肥大 口干 乏力 嗜睡
复方甘草片_155,心血管药,便秘 疼痛 焦虑 过敏性鼻炎 高血压,肾功能不全 老年人 哺乳期,便秘 心悸,心血管药 便秘 疼痛 焦虑 过敏性鼻炎 高血压 肾功能不全 老年人 哺乳期 便秘 心悸
布洛芬_104,抗过敏药,疼痛 心绞痛 腹泻 咳嗽 炎症,青光眼 哺乳期,腹泻 便秘 恶心,抗过敏药 疼痛 心绞痛 腹泻 咳嗽 炎症 青光眼 哺乳期 腹泻 便秘 恶心
整肠生_394,内分泌药,腹泻 焦虑 过敏性鼻炎 头痛 咳嗽,前列腺肥大 青霉素过敏 肾功能不全,口干 食欲不振,内分泌药 腹泻 焦虑 过敏性鼻炎 头痛 咳嗽 前列腺肥大 青霉素过敏 肾功能不全 口干 食欲不振
雷贝拉唑_377,内分泌药,炎症 失眠 咳嗽 支气管炎 过敏性鼻炎,出血倾向,便秘 头晕 嗜睡,内分泌药 炎症 失眠 咳嗽 支气管炎 过敏性鼻炎 出血倾向 便秘 头晕 嗜睡
布地奈德_124,抗过敏药,发热 支气管炎,肾功能不全 肝功能不全 酒精依赖,食欲不振 便秘 过敏反应,抗过敏药 发热 支气管炎 肾功能不全 肝功能不全 酒精依赖 食欲不振 便秘 过敏反应
黄连素_68,解热镇痛药,哮喘 病毒性感染,青光眼 哮喘患者,血压升高 便秘,解热镇痛药 哮喘 病毒性感染 青光眼 哮喘患者 血压升高 便秘
青霉素V钾_450,中成药,细菌感染 过敏性鼻炎 胃酸过多,低血压,食欲不振 过敏反应 便秘,中成药 细菌感染 过敏性鼻炎 胃酸过多 低血压 食欲不振 过敏反应 便秘
塞来昔布,抗生素,心绞痛 细菌感染,胃溃疡 哺乳期,皮疹 食欲不振,抗生素 心绞痛 细菌感染 胃溃疡 哺乳期 皮疹 食欲不振
氨溴索_194,心血管药,细菌感染 糖尿病 疼痛 高血压,低血压 哺乳期,口干 血压升高,心血管药 细菌感染 糖尿病 疼痛 高血压 低血压 哺乳期 口干 血压升高
对乙酰氨基酚_406,抗病毒药,细菌感染 炎症 头痛 失眠 便秘,心动过缓 低血压 肾功能不全,恶心 血压升高 胃不适,抗病毒药 细菌感染 炎症 头痛 失眠 便秘 心动过缓 低血压 肾功能不全 恶心 血压升高 胃不适
右美沙芬_84,解热镇痛药,疼痛 腹泻 胃炎 细菌感染 心绞痛,前列腺肥大 哺乳期,失眠 心悸 呕吐 便秘,解热镇痛药 疼痛 腹泻 胃炎 细菌感染 心绞痛 前列腺肥大 哺乳期 失眠 心悸 呕吐 便秘
萘普生_371,内分泌药,腹泻 胃炎,酒精依赖 胃溃疡,口干 胃不适 恶心,内分泌药 腹泻 胃炎 酒精依赖 胃溃疡 口干 胃不适 恶心
艾司西酞普兰_388,内分泌药,疼痛 高血压 胃酸过多,孕妇 哮喘患者 前列腺肥大,腹泻 头晕 恶心,内分泌药 疼痛 高血压 胃酸过多 孕妇 哮喘患者 前列腺肥大 腹泻 头晕 恶心
阿莫西林_495,中成药,腹泻 胃炎 上呼吸道感染 焦虑 炎症,孕妇 儿童 青霉素过敏,嗜睡 皮疹 口干 血压升高,中成药 腹泻 胃炎 上呼吸道感染 焦虑 炎症 孕妇 儿童 青霉素过敏 嗜睡 皮疹 口干 血压升高
阿普唑仑,抗生素,炎症 心绞痛,心动过缓 青霉素过敏 酒精依赖,口干 便秘,抗生素 炎症 心绞痛 心动过缓 青霉素过敏 酒精依赖 口干 便秘
塞来昔布_316,神经系统药,发热 细菌感染 心绞痛 便秘,前列腺肥大 哮喘患者,胃不适 呕吐 食欲不振,神经系统药 发热 细菌感染 心绞痛 便秘 前列腺肥大 哮喘患者 胃不适 呕吐 食欲不振
奥美拉唑_408,抗病毒药,焦虑 心绞痛 胃酸过多 糖尿病 支气管炎,出血倾向 儿童,头晕 口干,抗病毒药 焦虑 心绞痛 胃酸过多 糖尿病 支气管炎 出血倾向 儿童 头晕 口干
二甲双胍_490,中成药,上呼吸道感染 糖尿病,儿童 肝功能不全 老年人,食欲不振 头晕 呕吐,中成药 上呼吸道感染 糖尿病 儿童 肝功能不全 老年人 食欲不振 头晕 呕吐
阿昔洛韦_491,中成药,胃炎 心绞痛 炎症 疼痛 失眠,肾功能不全 酒精依赖 低血压,恶心 过敏反应,中成药 胃炎 心绞痛 炎症 疼痛 失眠 肾功能不全 酒精依赖 低血压 恶心 过敏反应
氯雷他定_280,呼吸系统药,炎症 腹泻 病毒性感染 便秘 头痛,肝功能不全 哺乳期 儿童,失眠 嗜睡 血压升高 恶心,呼吸系统药 炎症 腹泻 病毒性感染 便秘 头痛 肝功能不全 哺乳期 儿童 失眠 嗜睡 血压升高 恶心
黄连素_356,内分泌药,头痛 焦虑 咳嗽 病毒性感染 疼痛,心动过缓,乏力 腹泻,内分泌药 头痛 焦虑 咳嗽 病毒性感染 疼痛 心动过缓 乏力 腹泻
双氯芬酸_76,解热镇痛药,支气管炎 头痛 病毒性感染,肾功能不全 孕妇 老年人,心悸 腹泻 胃不适 食欲不振,解热镇痛药 支气管炎 头痛 病毒性感染 肾功能不全 孕妇 老年人 心悸 腹泻 胃不适 食欲不振
多潘立酮_461,中成药,咳嗽 头痛 心绞痛 失眠 过敏性鼻炎,孕妇,口干 乏力 嗜睡 血压升高,中成药 咳嗽 头痛 心绞痛 失眠 过敏性鼻炎 孕妇 口干 乏力 嗜睡 血压升高
蒙脱石散_497,中成药,胃炎 病毒性感染 胃酸过多 焦虑,老年人,头晕 过敏反应,中成药 胃炎 病毒性感染 胃酸过多 焦虑 老年人 头晕 过敏反应
缬沙坦_211,消化系统药,支气管炎 胃炎,青光眼 低血压,心悸 头晕 血压升高 过敏反应,消化系统药 支气管炎 胃炎 青光眼 低血压 心悸 头晕 血压升高 过敏反应
双歧杆菌_101,抗过敏药,支气管炎 腹泻 病毒性感染 细菌感染 发热,青光眼,过敏反应 腹泻 皮疹 胃不适,抗过敏药 支气管炎 腹泻 病毒性感染 细菌感染 发热 青光眼 过敏反应 腹泻 皮疹 胃不适
酮替芬_334,神经系统药,上呼吸道感染 便秘 腹泻,哮喘患者,皮疹 乏力 头晕 嗜睡,神经系统药 上呼吸道感染 便秘 腹泻 哮喘患者 皮疹 乏力 头晕 嗜睡
利巴韦林_475,中成药,疼痛 上呼吸道感染 病毒性感染 细菌感染 腹泻,心动过缓 哮喘患者,过敏反应 食欲不振 腹泻,中成药 疼痛 上呼吸道感染 病毒性感染 细菌感染 腹泻 心动过缓 哮喘患者 过敏反应 食欲不振 腹泻
双歧杆菌_336,神经系统药,发热 哮喘 糖尿病 头痛,哺乳期 哮喘患者,头晕 胃不适,神经系统药 发热 哮喘 糖尿病 头痛 哺乳期 哮喘患者 头晕 胃不适
青霉素V钾_440,抗病毒药,病毒性感染 疼痛 腹泻 咳嗽,胃溃疡 孕妇,胃不适 失眠 腹泻 头晕,抗病毒药 病毒性感染 疼痛 腹泻 咳嗽 胃溃疡 孕妇 胃不适 失眠 腹泻 头晕
奥司他韦_173,心血管药,哮喘 便秘 过敏性鼻炎 上呼吸道感染 咳嗽,青光眼 儿童 出血倾向,头晕 呕吐,心血管药 哮喘 便秘 过敏性鼻炎 上呼吸道感染 咳嗽 青光眼 儿童 出血倾向 头晕 呕吐
青霉素V钾,抗生素,病毒性感染 高血压,青光眼 前列腺肥大 低血压,皮疹 心悸 食欲不振,抗生素 病毒性感染 高血压 青光眼 前列腺肥大 低血压 皮疹 心悸 食欲不振
格列美脲_333,神经系统药,腹泻 病毒性感染 胃炎,出血倾向,呕吐 恶心,神经系统药 腹泻 病毒性感染 胃炎 出血倾向 呕吐 恶心
胰岛素_409,抗病毒药,病毒性感染 支气管炎 疼痛 高血压,孕妇,胃不适 腹泻 便秘 嗜睡,抗病毒药 病毒性感染 支气管炎 疼痛 高血压 孕妇 胃不适 腹泻 便秘 嗜睡
金银花颗粒_70,解热镇痛药,焦虑 过敏性鼻炎 便秘,哺乳期 心动过缓 儿童,乏力 心悸 失眠 口干,解热镇痛药 焦虑 过敏性鼻炎 便秘 哺乳期 心动过缓 儿童 乏力 心悸 失眠 口干
氨氯地平_209,消化系统药,胃炎 细菌感染 发热 心绞痛,前列腺肥大 酒精依赖 青霉素过敏,口干 失眠,消化系统药 胃炎 细菌感染 发热 心绞痛 前列腺肥大 酒精依赖 青霉素过敏 口干 失眠
阿普唑仑_63,解热镇痛药,病毒性感染 细菌感染,孕妇 青光眼,乏力 便秘,解热镇痛药 病毒性感染 细菌感染 孕妇 青光眼 乏力 便秘
扑尔敏_384,内分泌药,炎症 便秘,肝功能不全,胃不适 便秘 乏力,内分泌药 炎症 便秘 肝功能不全 胃不适 便秘 乏力
胰岛素_93,解热镇痛药,过敏性鼻炎 胃炎 病毒性感染,低血压,呕吐 皮疹 过敏反应,解热镇痛药 过敏性鼻炎 胃炎 病毒性感染 低血压 呕吐 皮疹 过敏反应
头孢克肟_485,中成药,头痛 哮喘 高血压 过敏性鼻炎 胃炎,哮喘患者 青光眼,心悸 乏力 胃不适 过敏反应,中成药 头痛 哮喘 高血压 过敏性鼻炎 胃炎 哮喘患者 青光眼 心悸 乏力 胃不适 过敏反应
佐匹克隆_185,心血管药,炎症 疼痛 咳嗽,青光眼,胃不适 食欲不振 嗜睡 失眠,心血管药 炎症 疼痛 咳嗽 青光眼 胃不适 食欲不振 嗜睡 失眠
卡马西平,抗生素,发热 心绞痛 哮喘 胃炎,出血倾向,胃不适 腹泻 食欲不振 便秘,抗生素 发热 心绞痛 哮喘 胃炎 出血倾向 胃不适 腹泻 食欲不振 便秘
蒲地蓝_77,解热镇痛药,头痛 高血压 胃炎 心绞痛,肾功能不全 哺乳期,胃不适 血压升高,解热镇痛药 头痛 高血压 胃炎 心绞痛 肾功能不全 哺乳期 胃不适 血压升高
阿莫西林,抗生素,上呼吸道感染 胃酸过多,孕妇,胃不适 呕吐,抗生素 上呼吸道感染 胃酸过多 孕妇 胃不适 呕吐
西替利嗪,抗生素,炎症 焦虑 糖尿病 哮喘,肾功能不全,心悸 呕吐 乏力 恶心,抗生素 炎症 焦虑 糖尿病 哮喘 肾功能不全 心悸 呕吐 乏力 恶心
铝碳酸镁_415,抗病毒药,焦虑 支气管炎 病毒性感染 细菌感染 上呼吸道感染,哺乳期 孕妇 心动过缓,失眠 皮疹 便秘,抗病毒药 焦虑 支气管炎 病毒性感染 细菌感染 上呼吸道感染 哺乳期 孕妇 心动过缓 失眠 皮疹 便秘
多潘立酮,抗生素,高血压 头痛 炎症 焦虑 哮喘,胃溃疡 出血倾向,恶心 便秘 失眠 乏力,抗生素 高血压 头痛 炎症 焦虑 哮喘 胃溃疡 出血倾向 恶心 便秘 失眠 乏力
铝碳酸镁_72,解热镇痛药,上呼吸道感染 腹泻 支气管炎 过敏性鼻炎,孕妇 哮喘患者,嗜睡 腹泻 食欲不振,解热镇痛药 上呼吸道感染 腹泻 支气管炎 过敏性鼻炎 孕妇 哮喘患者 嗜睡 腹泻 食欲不振
卡马西平_182,心血管药,咳嗽 病毒性感染 过敏性鼻炎 疼痛,低血压 老年人,失眠 呕吐,心血管药 咳嗽 病毒性感染 过敏性鼻炎 疼痛 低血压 老年人 失眠 呕吐
胰岛素_131,抗过敏药,上呼吸道感染 过敏性鼻炎 胃酸过多 胃炎,哮喘患者 青霉素过敏,失眠 头晕,抗过敏药 上呼吸道感染 过敏性鼻炎 胃酸过多 胃炎 哮喘患者 青霉素过敏 失眠 头晕
利巴韦林_410,抗病毒药,过敏性鼻炎 便秘 病毒性感染,青光眼 哮喘患者 前列腺肥大,乏力 嗜睡,抗病毒药 过敏性鼻炎 便秘 病毒性感染 青光眼 哮喘患者 前列腺肥大 乏力 嗜睡
艾司西酞普兰_193,心血管药,胃炎 病毒性感染 上呼吸道感染 头痛 焦虑,酒精依赖,胃不适 嗜睡 乏力,心血管药 胃炎 病毒性感染 上呼吸道感染 头痛 焦虑 酒精依赖 胃不适 嗜睡 乏力
吡格列酮_55,解热镇痛药,病毒性感染 失眠 过敏性鼻炎 腹泻 炎症,儿童 孕妇,腹泻 乏力 失眠 血压升高,解热镇痛药 病毒性感染 失眠 过敏性鼻炎 腹泻 炎症 儿童 孕妇 腹泻 乏力 失眠 血压升高
黄连素_148,抗过敏药,发热 支气管炎 头痛 糖尿病,哺乳期 前列腺肥大,过敏反应 食欲不振 头晕 嗜睡,抗过敏药 发热 支气管炎 头痛 糖尿病 哺乳期 前列腺肥大 过敏反应 食欲不振 头晕 嗜睡
氨氯地平,抗生素,胃炎 糖尿病 哮喘,酒精依赖 低血压,呕吐 皮疹 失眠,抗生素 胃炎 糖尿病 哮喘 酒精依赖 低血压 呕吐 皮疹 失眠
氨氯地平_204,消化系统药,腹泻 支气管炎 疼痛,低血压 儿童,腹泻 过敏反应 呕吐 食欲不振,消化系统药 腹泻 支气管炎 疼痛 低血压 儿童 腹泻 过敏反应 呕吐 食欲不振
萘普生_78,解热镇痛药,细菌感染 疼痛 病毒性感染 胃炎,肾功能不全 青光眼 儿童,呕吐 失眠 恶心,解热镇痛药 细菌感染 疼痛 病毒性感染 胃炎 肾功能不全 青光眼 儿童 呕吐 失眠 恶心
卡托普利_494,中成药,胃炎 上呼吸道感染 炎症,老年人 儿童 肾功能不全,腹泻 心悸 血压升高,中成药 胃炎 上呼吸道感染 炎症 老年人 儿童 肾功能不全 腹泻 心悸 血压升高
氨氯地平_262,呼吸系统药,炎症 心绞痛 支气管炎 糖尿病 胃酸过多,哮喘患者 肝功能不全,皮疹 食欲不振 血压升高 头晕,呼吸系统药 炎症 心绞痛 支气管炎 糖尿病 胃酸过多 哮喘患者 肝功能不全 皮疹 食欲不振 血压升高 头晕
蒙脱石散_323,神经系统药,头痛 上呼吸道感染 细菌感染,肾功能不全,失眠 口干,神经系统药 头痛 上呼吸道感染 细菌感染 肾功能不全 失眠 口干
黄连素_483,中成药,胃炎 胃酸过多 病毒性感染 细菌感染 糖尿病,前列腺肥大,恶心 皮疹,中成药 胃炎 胃酸过多 病毒性感染 细菌感染 糖尿病 前列腺肥大 恶心 皮疹
格列美脲_79,解热镇痛药,腹泻 疼痛 失眠 支气管炎,青霉素过敏,失眠 心悸 呕吐,解热镇痛药 腹泻 疼痛 失眠 支气管炎 青霉素过敏 失眠 心悸 呕吐
吡格列酮,抗生素,高血压 心绞痛 头痛 哮喘,酒精依赖 老年人 胃溃疡,胃不适 头晕 皮疹 失眠,抗生素 高血压 心绞痛 头痛 哮喘 酒精依赖 老年人 胃溃疡 胃不适 头晕 皮疹 失眠
头孢克肟_451,中成药,发热 高血压 失眠 腹泻,肾功能不全 孕妇,食欲不振 头晕 乏力,中成药 发热 高血压 失眠 腹泻 肾功能不全 孕妇 食欲不振 头晕 乏力
板蓝根,抗生素,便秘 病毒性感染,前列腺肥大 酒精依赖 老年人,皮疹 嗜睡 口干 呕吐,抗生素 便秘 病毒性感染 前列腺肥大 酒精依赖 老年人 皮疹 嗜睡 口干 呕吐
蒙脱石散_238,消化系统药,支气管炎 高血压 哮喘 疼痛 焦虑,心动过缓,胃不适 头晕,消化系统药 支气管炎 高血压 哮喘 疼痛 焦虑 心动过缓 胃不适 头晕
罗红霉素_391,内分泌药,过敏性鼻炎 细菌感染,哮喘患者 儿童,嗜睡 口干 胃不适 呕吐,内分泌药 过敏性鼻炎 细菌感染 哮喘患者 儿童 嗜睡 口干 胃不适 呕吐
整肠生_352,内分泌药,便秘 焦虑 病毒性感染 腹泻 心绞痛,哺乳期 肝功能不全,过敏反应 失眠 胃不适,内分泌药 便秘 焦虑 病毒性感染 腹泻 心绞痛 哺乳期 肝功能不全 过敏反应 失眠 胃不适
阿奇霉素_341,神经系统药,胃酸过多 头痛 上呼吸道感染 细菌感染,出血倾向 前列腺肥大,头晕 口干 心悸,神经系统药 胃酸过多 头痛 上呼吸道感染 细菌感染 出血倾向 前列腺肥大 头晕 口干 心悸
苯巴比妥_277,呼吸系统药,病毒性感染 过敏性鼻炎 腹泻,肾功能不全 酒精依赖,失眠 心悸 食欲不振,呼吸系统药 病毒性感染 过敏性鼻炎 腹泻 肾功能不全 酒精依赖 失眠 心悸 食欲不振
阿莫西林_290,呼吸系统药,高血压 咳嗽 胃炎 过敏性鼻炎 胃酸过多,青光眼,腹泻 呕吐 嗜睡,呼吸系统药 高血压 咳嗽 胃炎 过敏性鼻炎 胃酸过多 青光眼 腹泻 呕吐 嗜睡
对乙酰氨基酚_317,神经系统药,糖尿病 发热 细菌感染,青光眼 肾功能不全,腹泻 过敏反应,神经系统药 糖尿病 发热 细菌感染 青光眼 肾功能不全 腹泻 过敏反应
阿昔洛韦_304,神经系统药,胃炎 焦虑,老年人 孕妇 青霉素过敏,呕吐 口干,神经系统药 胃炎 焦虑 老年人 孕妇 青霉素过敏 呕吐 口干
头孢克肟_268,呼吸系统药,头痛 胃炎 焦虑 发热 疼痛,肾功能不全 哮喘患者 哺乳期,心悸 乏力 皮疹,呼吸系统药 头痛 胃炎 焦虑 发热 疼痛 肾功能不全 哮喘患者 哺乳期 心悸 乏力 皮疹
雷贝拉唑_69,解热镇痛药,焦虑 腹泻,胃溃疡,便秘 失眠 心悸,解热镇痛药 焦虑 腹泻 胃溃疡 便秘 失眠 心悸
萘普生_455,中成药,焦虑 便秘,哮喘患者 老年人,胃不适 血压升高,中成药 焦虑 便秘 哮喘患者 老年人 胃不适 血压升高
蒙脱石散_465,中成药,高血压 细菌感染 便秘 病毒性感染,孕妇 心动过缓 肾功能不全,恶心 嗜睡 皮疹 便秘,中成药 高血压 细菌感染 便秘 病毒性感染 孕妇 心动过缓 肾功能不全 恶心 嗜睡 皮疹 便秘
氨氯地平_154,心血管药,心绞痛 病毒性感染 疼痛 胃炎 腹泻,哮喘患者,食欲不振 心悸 失眠 腹泻,心血管药 心绞痛 病毒性感染 疼痛 胃炎 腹泻 哮喘患者 食欲不振 心悸 失眠 腹泻
铝碳酸镁_82,解热镇痛药,失眠 胃炎 焦虑 炎症 细菌感染,前列腺肥大 肝功能不全 儿童,便秘 皮疹,解热镇痛药 失眠 胃炎 焦虑 炎症 细菌感染 前列腺肥大 肝功能不全 儿童 便秘 皮疹
阿普唑仑_477,中成药,便秘 哮喘,老年人 青光眼,心悸 呕吐,中成药 便秘 哮喘 老年人 青光眼 心悸 呕吐
布地奈德_172,心血管药,失眠 细菌感染 哮喘 焦虑,青光眼 儿童,呕吐 便秘,心血管药 失眠 细菌感染 哮喘 焦虑 青光眼 儿童 呕吐 便秘
利巴韦林_321,神经系统药,疼痛 细菌感染 高血压 支气管炎,肝功能不全,皮疹 嗜睡 口干 血压升高,神经系统药 疼痛 细菌感染 高血压 支气管炎 肝功能不全 皮疹 嗜睡 口干 血压升高
双歧杆菌_90,解热镇痛药,支气管炎 焦虑 腹泻,青光眼 胃溃疡,恶心 心悸 呕吐 嗜睡,解热镇痛药 支气管炎 焦虑 腹泻 青光眼 胃溃疡 恶心 心悸 呕吐 嗜睡
艾司西酞普兰_180,心血管药,哮喘 病毒性感染,哮喘患者 出血倾向 儿童,头晕 食欲不振 呕吐 乏力,心血管药 哮喘 病毒性感染 哮喘患者 出血倾向 儿童 头晕 食欲不振 呕吐 乏力
利巴韦林_414,抗病毒药,病毒性感染 糖尿病 心绞痛,儿童 酒精依赖 老年人,腹泻 胃不适 便秘 恶心,抗病毒药 病毒性感染 糖尿病 心绞痛 儿童 酒精依赖 老年人 腹泻 胃不适 便秘 恶心
青霉素V钾_312,神经系统药,发热 失眠 胃炎 病毒性感染 支气管炎,低血压,恶心 嗜睡 皮疹,神经系统药 发热 失眠 胃炎 病毒性感染 支气管炎 低血压 恶心 嗜睡 皮疹
罗红霉素_278,呼吸系统药,上呼吸道感染 腹泻 咳嗽 高血压,低血压 酒精依赖,心悸 口干 便秘 过敏反应,呼吸系统药 上呼吸道感染 腹泻 咳嗽 高血压 低血压 酒精依赖 心悸 口干 便秘 过敏反应
硝苯地平_381,内分泌药,哮喘 胃炎 咳嗽,胃溃疡,食欲不振 腹泻 头晕 呕吐,内分泌药 哮喘 胃炎 咳嗽 胃溃疡 食欲不振 腹泻 头晕 呕吐
卡托普利_472,中成药,胃炎 发热 糖尿病,前列腺肥大 老年人 哮喘患者,血压升高 头晕,中成药 胃炎 发热 糖尿病 前列腺肥大 老年人 哮喘患者 血压升高 头晕
格列美脲_362,内分泌药,过敏性鼻炎 高血压,老年人,皮疹 恶心,内分泌药 过敏性鼻炎 高血压 老年人 皮疹 恶心
莫沙必利_324,神经系统药,炎症 疼痛,酒精依赖 老年人,恶心 呕吐,神经系统药 炎症 疼痛 酒精依赖 老年人 恶心 呕吐
阿昔洛韦_431,抗病毒药,上呼吸道感染 病毒性感染 炎症 咳嗽,青霉素过敏,食欲不振 过敏反应,抗病毒药 上呼吸道感染 病毒性感染 炎症 咳嗽 青霉素过敏 食欲不振 过敏反应
罗红霉素_347,神经系统药,上呼吸道感染 焦虑 发热 胃炎,青光眼 心动过缓 出血倾向,呕吐 恶心,神经系统药 上呼吸道感染 焦虑 发热 胃炎 青光眼 心动过缓 出血倾向 呕吐 恶心
罗红霉素_86,解热镇痛药,胃炎 炎症 疼痛,肝功能不全 出血倾向,腹泻 胃不适 口干 过敏反应,解热镇痛药 胃炎 炎症 疼痛 肝功能不全 出血倾向 腹泻 胃不适 口干 过敏反应
莫沙必利_75,解热镇痛药,病毒性感染 便秘 哮喘 焦虑 支气管炎,前列腺肥大 出血倾向,腹泻 过敏反应 皮疹,解热镇痛药 病毒性感染 便秘 哮喘 焦虑 支气管炎 前列腺肥大 出血倾向 腹泻 过敏反应 皮疹
多潘立酮_438,抗病毒药,腹泻 病毒性感染 头痛 过敏性鼻炎,心动过缓 肝功能不全 哺乳期,过敏反应 血压升高,抗病毒药 腹泻 病毒性感染 头痛 过敏性鼻炎 心动过缓 肝功能不全 哺乳期 过敏反应 血压升高
硝苯地平,抗生素,病毒性感染 便秘 上呼吸道感染,哮喘患者 出血倾向 青霉素过敏,过敏反应 嗜睡,抗生素 病毒性感染 便秘 上呼吸道感染 哮喘患者 出血倾向 青霉素过敏 过敏反应 嗜睡
青霉素V钾_249,消化系统药,高血压 炎症 腹泻,青霉素过敏 肝功能不全,过敏反应 腹泻 血压升高 食欲不振,消化系统药 高血压 炎症 腹泻 青霉素过敏 肝功能不全 过敏反应 腹泻 血压升高 食欲不振
双歧杆菌_433,抗病毒药,过敏性鼻炎 疼痛 心绞痛,老年人 哺乳期 孕妇,头晕 便秘,抗病毒药 过敏性鼻炎 疼痛 心绞痛 老年人 哺乳期 孕妇 头晕 便秘
缬沙坦,抗生素,支气管炎 上呼吸道感染,低血压 孕妇 心动过缓,恶心 呕吐,抗生素 支气管炎 上呼吸道感染 低血压 孕妇 心动过缓 恶心 呕吐
罗红霉素_322,神经系统药,胃酸过多 过敏性鼻炎 上呼吸道感染 糖尿病,低血压 前列腺肥大,皮疹 呕吐 心悸 失眠,神经系统药 胃酸过多 过敏性鼻炎 上呼吸道感染 糖尿病 低血压 前列腺肥大 皮疹 呕吐 心悸 失眠
西替利嗪_332,神经系统药,炎症 支气管炎 哮喘,青霉素过敏 前列腺肥大 老年人,食欲不振 过敏反应 头晕,神经系统药 炎症 支气管炎 哮喘 青霉素过敏 前列腺肥大 老年人 食欲不振 过敏反应 头晕
艾司西酞普兰_56,解热镇痛药,胃酸过多 失眠 发热,哺乳期 孕妇 酒精依赖,嗜睡 血压升高 呕吐,解热镇痛药 胃酸过多 失眠 发热 哺乳期 孕妇 酒精依赖 嗜睡 血压升高 呕吐
阿卡波糖_301,神经系统药,上呼吸道感染 胃酸过多,青霉素过敏,乏力 口干,神经系统药 上呼吸道感染 胃酸过多 青霉素过敏 乏力 口干
酮替芬_229,消化系统药,细菌感染 咳嗽 便秘,孕妇 老年人,食欲不振 嗜睡 过敏反应 乏力,消化系统药 细菌感染 咳嗽 便秘 孕妇 老年人 食欲不振 嗜睡 过敏反应 乏力
更昔洛韦_331,神经系统药,胃酸过多 病毒性感染 细菌感染,心动过缓,嗜睡 失眠 头晕,神经系统药 胃酸过多 病毒性感染 细菌感染 心动过缓 嗜睡 失眠 头晕
格列美脲_132,抗过敏药,发热 咳嗽 上呼吸道感染 疼痛 高血压,胃溃疡 出血倾向,头晕 嗜睡 腹泻,抗过敏药 发热 咳嗽 上呼吸道感染 疼痛 高血压 胃溃疡 出血倾向 头晕 嗜睡 腹泻
苯巴比妥_137,抗过敏药,便秘 病毒性感染 哮喘,胃溃疡,恶心 口干 过敏反应 心悸,抗过敏药 便秘 病毒性感染 哮喘 胃溃疡 恶心 口干 过敏反应 心悸
苯巴比妥_423,抗病毒药,上呼吸道感染 便秘 哮喘 炎症,出血倾向 酒精依赖 青霉素过敏,过敏反应 便秘 皮疹,抗病毒药 上呼吸道感染 便秘 哮喘 炎症 出血倾向 酒精依赖 青霉素过敏 过敏反应 便秘 皮疹
金银花颗粒_335,神经系统药,支气管炎 细菌感染 上呼吸道感染,心动过缓,过敏反应 头晕 乏力 呕吐,神经系统药 支气管炎 细菌感染 上呼吸道感染 心动过缓 过敏反应 头晕 乏力 呕吐
氨溴索,抗生素,细菌感染 病毒性感染,肝功能不全,头晕 口干,抗生素 细菌感染 病毒性感染 肝功能不全 头晕 口干
板蓝根_464,中成药,糖尿病 便秘 胃炎 细菌感染 过敏性鼻炎,出血倾向 酒精依赖 青霉素过敏,失眠 便秘,中成药 糖尿病 便秘 胃炎 细菌感染 过敏性鼻炎 出血倾向 酒精依赖 青霉素过敏 失眠 便秘
蒲地蓝_281,呼吸系统药,病毒性感染 高血压 焦虑 头痛 心绞痛,老年人 青霉素过敏,腹泻 嗜睡 呕吐,呼吸系统药 病毒性感染 高血压 焦虑 头痛 心绞痛 老年人 青霉素过敏 腹泻 嗜睡 呕吐
阿昔洛韦_247,消化系统药,发热 糖尿病,胃溃疡 低血压,恶心 便秘 过敏反应,消化系统药 发热 糖尿病 胃溃疡 低血压 恶心 便秘 过敏反应
奥美拉唑_237,消化系统药,糖尿病 失眠 病毒性感染 哮喘,哺乳期 哮喘患者,过敏反应 心悸 失眠 呕吐,消化系统药 糖尿病 失眠 病毒性感染 哮喘 哺乳期 哮喘患者 过敏反应 心悸 失眠 呕吐
硝苯地平_117,抗过敏药,头痛 哮喘 病毒性感染 炎症,胃溃疡,皮疹 呕吐 心悸,抗过敏药 头痛 哮喘 病毒性感染 炎症 胃溃疡 皮疹 呕吐 心悸
更昔洛韦,抗生素,胃炎 心绞痛 炎症 上呼吸道感染,孕妇 胃溃疡 哮喘患者,失眠 呕吐 乏力,抗生素 胃炎 心绞痛 炎症 上呼吸道感染 孕妇 胃溃疡 哮喘患者 失眠 呕吐 乏力
艾司西酞普兰_220,消化系统药,便秘 失眠,出血倾向,血压升高 口干,消化系统药 便秘 失眠 出血倾向 血压升高 口干
二甲双胍_176,心血管药,胃酸过多 疼痛,出血倾向 孕妇 心动过缓,胃不适 心悸 皮疹,心血管药 胃酸过多 疼痛 出血倾向 孕妇 心动过缓 胃不适 心悸 皮疹
苯巴比妥_320,神经系统药,高血压 失眠 胃炎 炎症,老年人 肝功能不全,头晕 乏力,神经系统药 高血压 失眠 胃炎 炎症 老年人 肝功能不全 头晕 乏力
复方甘草片_153,心血管药,失眠 细菌感染 焦虑,青光眼 前列腺肥大,心悸 食欲不振,心血管药 失眠 细菌感染 焦虑 青光眼 前列腺肥大 心悸 食欲不振
阿卡波糖_231,消化系统药,焦虑 病毒性感染 腹泻,哮喘患者,便秘 口干 乏力 血压升高,消化系统药 焦虑 病毒性感染 腹泻 哮喘患者 便秘 口干 乏力 血压升高
板蓝根_227,消化系统药,细菌感染 焦虑,儿童 青霉素过敏 孕妇,呕吐 过敏反应,消化系统药 细菌感染 焦虑 儿童 青霉素过敏 孕妇 呕吐 过敏反应
佐匹克隆_417,抗病毒药,糖尿病 细菌感染,哺乳期 低血压,头晕 过敏反应 食欲不振,抗病毒药 糖尿病 细菌感染 哺乳期 低血压 头晕 过敏反应 食欲不振
复方甘草片_203,消化系统药,疼痛 腹泻 高血压 心绞痛,低血压 哺乳期,腹泻 乏力,消化系统药 疼痛 腹泻 高血压 心绞痛 低血压 哺乳期 腹泻 乏力
复方甘草片_126,抗过敏药,焦虑 失眠 心绞痛,哮喘患者 老年人,口干 过敏反应 胃不适,抗过敏药 焦虑 失眠 心绞痛 哮喘患者 老年人 口干 过敏反应 胃不适
多潘立酮_329,神经系统药,病毒性感染 腹泻 哮喘 便秘 支气管炎,哺乳期 肾功能不全,嗜睡 食欲不振,神经系统药 病毒性感染 腹泻 哮喘 便秘 支气管炎 哺乳期 肾功能不全 嗜睡 食欲不振
艾司西酞普兰,抗生素,胃酸过多 高血压 支气管炎 心绞痛,胃溃疡 肾功能不全,便秘 腹泻 心悸 嗜睡,抗生素 胃酸过多 高血压 支气管炎 心绞痛 胃溃疡 肾功能不全 便秘 腹泻 心悸 嗜睡
利巴韦林_113,抗过敏药,炎症 糖尿病 哮喘 头痛,孕妇 出血倾向 青霉素过敏,过敏反应 血压升高 嗜睡 食欲不振,抗过敏药 炎症 糖尿病 哮喘 头痛 孕妇 出血倾向 青霉素过敏 过敏反应 血压升高 嗜睡 食欲不振
格列美脲_470,中成药,心绞痛 支气管炎 失眠 病毒性感染 上呼吸道感染,肝功能不全 哺乳期,口干 便秘,中成药 心绞痛 支气管炎 失眠 病毒性感染 上呼吸道感染 肝功能不全 哺乳期 口干 便秘
二甲双胍_271,呼吸系统药,支气管炎 病毒性感染 焦虑,孕妇 儿童,便秘 头晕 失眠,呼吸系统药 支气管炎 病毒性感染 焦虑 孕妇 儿童 便秘 头晕 失眠
雷贝拉唑_140,抗过敏药,支气管炎 过敏性鼻炎 发热,青光眼 肝功能不全 低血压,皮疹 乏力 嗜睡 失眠,抗过敏药 支气管炎 过敏性鼻炎 发热 青光眼 肝功能不全 低血压 皮疹 乏力 嗜睡 失眠
萘普生_57,解热镇痛药,心绞痛 糖尿病 咳嗽,孕妇 肝功能不全 胃溃疡,嗜睡 血压升高 心悸,解热镇痛药 心绞痛 糖尿病 咳嗽 孕妇 肝功能不全 胃溃疡 嗜睡 血压升高 心悸
头孢克肟_192,心血管药,糖尿病 便秘,孕妇 酒精依赖,嗜睡 恶心 失眠 腹泻,心血管药 糖尿病 便秘 孕妇 酒精依赖 嗜睡 恶心 失眠 腹泻
铝碳酸镁,抗生素,咳嗽 焦虑 过敏性鼻炎 胃酸过多 失眠,老年人,心悸 乏力,抗生素 咳嗽 焦虑 过敏性鼻炎 胃酸过多 失眠 老年人 心悸 乏力
美托洛尔,抗生素,咳嗽 腹泻 病毒性感染,哺乳期,失眠 食欲不振 口干 皮疹,抗生素 咳嗽 腹泻 病毒性感染 哺乳期 失眠 食欲不振 口干 皮疹
阿普唑仑_265,呼吸系统药,病毒性感染 便秘 焦虑 细菌感染 哮喘,酒精依赖 儿童 低血压,便秘 呕吐 失眠 皮疹,呼吸系统药 病毒性感染 便秘 焦虑 细菌感染 哮喘 酒精依赖 儿童 低血压 便秘 呕吐 失眠 皮疹
连花清瘟_66,解热镇痛药,过敏性鼻炎 胃炎,心动过缓,过敏反应 腹泻,解热镇痛药 过敏性鼻炎 胃炎 心动过缓 过敏反应 腹泻
萘普生_208,消化系统药,病毒性感染 过敏性鼻炎,青光眼 出血倾向,便秘 皮疹 乏力,消化系统药 病毒性感染 过敏性鼻炎 青光眼 出血倾向 便秘 皮疹 乏力
卡托普利_479,中成药,胃酸过多 腹泻 支气管炎,肾功能不全 出血倾向,皮疹 口干 胃不适,中成药 胃酸过多 腹泻 支气管炎 肾功能不全 出血倾向 皮疹 口干 胃不适
茶碱_94,解热镇痛药,咳嗽 腹泻,哺乳期 低血压 前列腺肥大,口干 失眠 心悸,解热镇痛药 咳嗽 腹泻 哺乳期 低血压 前列腺肥大 口干 失眠 心悸
雷贝拉唑_253,呼吸系统药,支气管炎 上呼吸道感染 胃酸过多 失眠 腹泻,哮喘患者,口干 过敏反应 头晕 便秘,呼吸系统药 支气管炎 上呼吸道感染 胃酸过多 失眠 腹泻 哮喘患者 口干 过敏反应 头晕 便秘
更昔洛韦_266,呼吸系统药,过敏性鼻炎 细菌感染 糖尿病 支气管炎,肝功能不全 青霉素过敏,腹泻 皮疹,呼吸系统药 过敏性鼻炎 细菌感染 糖尿病 支气管炎 肝功能不全 青霉素过敏 腹泻 皮疹
莫沙必利,抗生素,细菌感染 糖尿病,哮喘患者 儿童 肝功能不全,皮疹 过敏反应,抗生素 细菌感染 糖尿病 哮喘患者 儿童 肝功能不全 皮疹 过敏反应
乳果糖_222,消化系统药,高血压 炎症,青霉素过敏,嗜睡 胃不适 呕吐,消化系统药 高血压 炎症 青霉素过敏 嗜睡 胃不适 呕吐
布地奈德_261,呼吸系统药,焦虑 咳嗽 胃炎 支气管炎,前列腺肥大 孕妇 出血倾向,头晕 口干 嗜睡,呼吸系统药 焦虑 咳嗽 胃炎 支气管炎 前列腺肥大 孕妇 出血倾向 头晕 口干 嗜睡
连花清瘟_426,抗病毒药,上呼吸道感染 失眠 支气管炎,肝功能不全,恶心 头晕,抗病毒药 上呼吸道感染 失眠 支气管炎 肝功能不全 恶心 头晕
布洛芬,抗生素,病毒性感染 胃炎,心动过缓 老年人 哮喘患者,皮疹 胃不适 呕吐 恶心,抗生素 病毒性感染 胃炎 心动过缓 老年人 哮喘患者 皮疹 胃不适 呕吐 恶心
苯巴比妥_116,抗过敏药,炎症 咳嗽 焦虑 头痛 腹泻,胃溃疡 哺乳期 青霉素过敏,嗜睡 皮疹 心悸 乏力,抗过敏药 炎症 咳嗽 焦虑 头痛 腹泻 胃溃疡 哺乳期 青霉素过敏 嗜睡 皮疹 心悸 乏力
金银花颗粒,抗生素,糖尿病 炎症,哺乳期,胃不适 口干,抗生素 糖尿病 炎症 哺乳期 胃不适 口干
卡托普利,抗生素,心绞痛 细菌感染 疼痛 发热,前列腺肥大,失眠 呕吐 乏力,抗生素 心绞痛 细菌感染 疼痛 发热 前列腺肥大 失眠 呕吐 乏力
吡格列酮_462,中成药,过敏性鼻炎 糖尿病,青霉素过敏 儿童 肝功能不全,心悸 食欲不振,中成药 过敏性鼻炎 糖尿病 青霉素过敏 儿童 肝功能不全 心悸 食欲不振
苯巴比妥_357,内分泌药,焦虑 胃酸过多 糖尿病 腹泻,心动过缓 出血倾向 青霉素过敏,腹泻 口干,内分泌药 焦虑 胃酸过多 糖尿病 腹泻 心动过缓 出血倾向 青霉素过敏 腹泻 口干
罗红霉素,抗生素,上呼吸道感染 过敏性鼻炎 焦虑 支气管炎,肾功能不全 孕妇,呕吐 过敏反应 口干,抗生素 上呼吸道感染 过敏性鼻炎 焦虑 支气管炎 肾功能不全 孕妇 呕吐 过敏反应 口干
胰岛素_218,消化系统药,便秘 失眠,前列腺肥大 哮喘患者 肝功能不全,呕吐 恶心 血压升高 乏力,消化系统药 便秘 失眠 前列腺肥大 哮喘患者 肝功能不全 呕吐 恶心 血压升高 乏力
乳果糖_405,抗病毒药,头痛 胃酸过多 高血压 病毒性感染 疼痛,孕妇 出血倾向,胃不适 嗜睡,抗病毒药 头痛 胃酸过多 高血压 病毒性感染 疼痛 孕妇 出血倾向 胃不适 嗜睡
美托洛尔_60,解热镇痛药,腹泻 上呼吸道感染 糖尿病 支气管炎 病毒性感染,肾功能不全 老年人 出血倾向,食欲不振 血压升高,解热镇痛药 腹泻 上呼吸道感染 糖尿病 支气管炎 病毒性感染 肾功能不全 老年人 出血倾向 食欲不振 血压升高
氨氯地平_110,抗过敏药,焦虑 过敏性鼻炎 高血压 咳嗽,酒精依赖 哮喘患者 低血压,过敏反应 腹泻 头晕 失眠,抗过敏药 焦虑 过敏性鼻炎 高血压 咳嗽 酒精依赖 哮喘患者 低血压 过敏反应 腹泻 头晕 失眠
双歧杆菌_318,神经系统药,糖尿病 支气管炎 炎症 失眠,孕妇 肝功能不全,头晕 乏力,神经系统药 糖尿病 支气管炎 炎症 失眠 孕妇 肝功能不全 头晕 乏力
铝碳酸镁_428,抗病毒药,病毒性感染 上呼吸道感染,前列腺肥大 心动过缓 肝功能不全,食欲不振 恶心 胃不适 呕吐,抗病毒药 病毒性感染 上呼吸道感染 前列腺肥大 心动过缓 肝功能不全 食欲不振 恶心 胃不适 呕吐
茶碱,抗生素,细菌感染 便秘 发热,肝功能不全,呕吐 便秘 皮疹 口干,抗生素 细菌感染 便秘 发热 肝功能不全 呕吐 便秘 皮疹 口干
黄连素_437,抗病毒药,焦虑 胃酸过多 哮喘,青光眼,嗜睡 心悸 失眠 乏力,抗病毒药 焦虑 胃酸过多 哮喘 青光眼 嗜睡 心悸 失眠 乏力
黄连素_471,中成药,心绞痛 支气管炎 焦虑,低血压 酒精依赖,胃不适 失眠,中成药 心绞痛 支气管炎 焦虑 低血压 酒精依赖 胃不适 失眠
右美沙芬,抗生素,腹泻 高血压 糖尿病 细菌感染 过敏性鼻炎,青霉素过敏 胃溃疡,过敏反应 乏力 失眠,抗生素 腹泻 高血压 糖尿病 细菌感染 过敏性鼻炎 青霉素过敏 胃溃疡 过敏反应 乏力 失眠
双氯芬酸,抗生素,哮喘 疼痛 高血压,哺乳期 前列腺肥大 青光眼,呕吐 食欲不振 便秘 头晕,抗生素 哮喘 疼痛 高血压 哺乳期 前列腺肥大 青光眼 呕吐 食欲不振 便秘 头晕
阿奇霉素_453,中成药,糖尿病 疼痛 咳嗽,青霉素过敏,血压升高 失眠,中成药 糖尿病 疼痛 咳嗽 青霉素过敏 血压升高 失眠
连花清瘟_108,抗过敏药,胃炎 心绞痛 哮喘 炎症 高血压,哺乳期 青光眼 儿童,乏力 便秘 失眠 头晕,抗过敏药 胃炎 心绞痛 哮喘 炎症 高血压 哺乳期 青光眼 儿童 乏力 便秘 失眠 头晕
阿卡波糖,抗生素,过敏性鼻炎 失眠 病毒性感染 焦虑,青霉素过敏 肝功能不全 老年人,过敏反应 头晕 血压升高 恶心,抗生素 过敏性鼻炎 失眠 病毒性感染 焦虑 青霉素过敏 肝功能不全 老年人 过敏反应 头晕 血压升高 恶心
佐匹克隆_157,心血管药,焦虑 发热 心绞痛,酒精依赖 哮喘患者,口干 恶心,心血管药 焦虑 发热 心绞痛 酒精依赖 哮喘患者 口干 恶心
硝苯地平_489,中成药,发热 高血压 过敏性鼻炎 糖尿病,肝功能不全,过敏反应 心悸,中成药 发热 高血压 过敏性鼻炎 糖尿病 肝功能不全 过敏反应 心悸
布洛芬_118,抗过敏药,疼痛 上呼吸道感染 细菌感染,孕妇 肾功能不全,皮疹 呕吐 乏力 血压升高,抗过敏药 疼痛 上呼吸道感染 细菌感染 孕妇 肾功能不全 皮疹 呕吐 乏力 血压升高
酮替芬_114,抗过敏药,失眠 胃炎,胃溃疡 肝功能不全 肾功能不全,恶心 腹泻,抗过敏药 失眠 胃炎 胃溃疡 肝功能不全 肾功能不全 恶心 腹泻
萘普生_175,心血管药,糖尿病 支气管炎 胃酸过多 心绞痛,青霉素过敏,头晕 心悸 血压升高 口干,心血管药 糖尿病 支气管炎 胃酸过多 心绞痛 青霉素过敏 头晕 心悸 血压升高 口干
整肠生_373,内分泌药,胃炎 头痛 腹泻,前列腺肥大,胃不适 乏力 血压升高,内分泌药 胃炎 头痛 腹泻 前列腺肥大 胃不适 乏力 血压升高
缬沙坦_181,心血管药,腹泻 便秘 焦虑 病毒性感染 发热,哮喘患者,呕吐 心悸 失眠 便秘,心血管药 腹泻 便秘 焦虑 病毒性感染 发热 哮喘患者 呕吐 心悸 失眠 便秘
布地奈德_144,抗过敏药,细菌感染 哮喘,肝功能不全 青光眼,食欲不振 过敏反应,抗过敏药 细菌感染 哮喘 肝功能不全 青光眼 食欲不振 过敏反应
佐匹克隆_369,内分泌药,病毒性感染 胃炎 炎症 头痛,肝功能不全 哮喘患者,便秘 嗜睡 腹泻,内分泌药 病毒性感染 胃炎 炎症 头痛 肝功能不全 哮喘患者 便秘 嗜睡 腹泻
整肠生_390,内分泌药,咳嗽 发热 便秘 炎症 头痛,青光眼 孕妇,腹泻 过敏反应 心悸,内分泌药 咳嗽 发热 便秘 炎症 头痛 青光眼 孕妇 腹泻 过敏反应 心悸
布地奈德_195,心血管药,疼痛 头痛 咳嗽 炎症,哮喘患者 儿童,血压升高 嗜睡 乏力,心血管药 疼痛 头痛 咳嗽 炎症 哮喘患者 儿童 血压升高 嗜睡 乏力
整肠生_404,抗病毒药,病毒性感染 便秘 哮喘 头痛,酒精依赖,心悸 头晕,抗病毒药 病毒性感染 便秘 哮喘 头痛 酒精依赖 心悸 头晕
金银花颗粒_275,呼吸系统药,疼痛 炎症 发热 咳嗽,肝功能不全 孕妇,呕吐 头晕 嗜睡,呼吸系统药 疼痛 炎症 发热 咳嗽 肝功能不全 孕妇 呕吐 头晕 嗜睡
佐匹克隆_454,中成药,咳嗽 头痛 过敏性鼻炎 腹泻 细菌感染,低血压 儿童 肝功能不全,心悸 便秘,中成药 咳嗽 头痛 过敏性鼻炎 腹泻 细菌感染 低血压 儿童 肝功能不全 心悸 便秘
板蓝根_141,抗过敏药,心绞痛 头痛 咳嗽,孕妇 肾功能不全,头晕 乏力 失眠 便秘,抗过敏药 心绞痛 头痛 咳嗽 孕妇 肾功能不全 头晕 乏力 失眠 便秘
阿卡波糖_365,内分泌药,哮喘 过敏性鼻炎 胃酸过多 发热,青霉素过敏 胃溃疡,头晕 失眠,内分泌药 哮喘 过敏性鼻炎 胃酸过多 发热 青霉素过敏 胃溃疡 头晕 失眠
格列美脲_67,解热镇痛药,糖尿病 高血压 发热 心绞痛 头痛,儿童 哺乳期 青光眼,乏力 呕吐 过敏反应 食欲不振,解热镇痛药 糖尿病 高血压 发热 心绞痛 头痛 儿童 哺乳期 青光眼 乏力 呕吐 过敏反应 食欲不振
西替利嗪_210,消化系统药,糖尿病 腹泻,酒精依赖,失眠 腹泻 恶心 乏力,消化系统药 糖尿病 腹泻 酒精依赖 失眠 腹泻 恶心 乏力
卡托普利_168,心血管药,高血压 胃炎,老年人 儿童,失眠 便秘,心血管药 高血压 胃炎 老年人 儿童 失眠 便秘
奥司他韦_493,中成药,便秘 病毒性感染 胃炎 哮喘 腹泻,孕妇 儿童 肝功能不全,腹泻 嗜睡 口干,中成药 便秘 病毒性感染 胃炎 哮喘 腹泻 孕妇 儿童 肝功能不全 腹泻 嗜睡 口干
莫沙必利_375,内分泌药,炎症 胃炎 失眠 头痛,青霉素过敏 老年人,食欲不振 过敏反应 失眠 呕吐,内分泌药 炎症 胃炎 失眠 头痛 青霉素过敏 老年人 食欲不振 过敏反应 失眠 呕吐
氨溴索_400,抗病毒药,发热 失眠 炎症,出血倾向 肝功能不全 酒精依赖,嗜睡 呕吐 心悸,抗病毒药 发热 失眠 炎症 出血倾向 肝功能不全 酒精依赖 嗜睡 呕吐 心悸
奥司他韦_272,呼吸系统药,糖尿病 上呼吸道感染 高血压 失眠 焦虑,青霉素过敏 前列腺肥大,皮疹 腹泻,呼吸系统药 糖尿病 上呼吸道感染 高血压 失眠 焦虑 青霉素过敏 前列腺肥大 皮疹 腹泻
奥司他韦_109,抗过敏药,细菌感染 胃炎,青霉素过敏 心动过缓,胃不适 头晕 呕吐,抗过敏药 细菌感染 胃炎 青霉素过敏 心动过缓 胃不适 头晕 呕吐
恩替卡韦_248,消化系统药,发热 腹泻 焦虑,儿童 哮喘患者 心动过缓,过敏反应 血压升高,消化系统药 发热 腹泻 焦虑 儿童 哮喘患者 心动过缓 过敏反应 血压升高
佐匹克隆_145,抗过敏药,失眠 炎症 病毒性感染 细菌感染 疼痛,青光眼 孕妇 哮喘患者,心悸 血压升高 头晕 恶心,抗过敏药 失眠 炎症 病毒性感染 细菌感染 疼痛 青光眼 孕妇 哮喘患者 心悸 血压升高 头晕 恶心
莫沙必利_92,解热镇痛药,失眠 细菌感染 高血压 胃酸过多 咳嗽,出血倾向 前列腺肥大,呕吐 恶心 便秘,解热镇痛药 失眠 细菌感染 高血压 胃酸过多 咳嗽 出血倾向 前列腺肥大 呕吐 恶心 便秘
苯巴比妥_152,心血管药,支气管炎 咳嗽,胃溃疡 肾功能不全 老年人,失眠 胃不适,心血管药 支气管炎 咳嗽 胃溃疡 肾功能不全 老年人 失眠 胃不适
阿莫西林_367,内分泌药,咳嗽 过敏性鼻炎 上呼吸道感染 心绞痛 胃酸过多,儿童 哺乳期 前列腺肥大,便秘 腹泻 口干 乏力,内分泌药 咳嗽 过敏性鼻炎 上呼吸道感染 心绞痛 胃酸过多 儿童 哺乳期 前列腺肥大 便秘 腹泻 口干 乏力
阿莫西林_467,中成药,发热 病毒性感染,前列腺肥大 老年人,过敏反应 食欲不振 嗜睡 乏力,中成药 发热 病毒性感染 前列腺肥大 老年人 过敏反应 食欲不振 嗜睡 乏力
卡托普利_83,解热镇痛药,过敏性鼻炎 心绞痛,低血压,头晕 恶心,解热镇痛药 过敏性鼻炎 心绞痛 低血压 头晕 恶心
头孢克肟_245,消化系统药,过敏性鼻炎 头痛 炎症 便秘 咳嗽,孕妇,血压升高 腹泻 嗜睡 失眠,消化系统药 过敏性鼻炎 头痛 炎症 便秘 咳嗽 孕妇 血压升高 腹泻 嗜睡 失眠
头孢克肟_165,心血管药,发热 哮喘 心绞痛 头痛,前列腺肥大 儿童 哮喘患者,恶心 嗜睡,心血管药 发热 哮喘 心绞痛 头痛 前列腺肥大 儿童 哮喘患者 恶心 嗜睡
氨氯地平_163,心血管药,上呼吸道感染 哮喘 心绞痛 焦虑 过敏性鼻炎,青光眼 肝功能不全 低血压,呕吐 血压升高 失眠,心血管药 上呼吸道感染 哮喘 心绞痛 焦虑 过敏性鼻炎 青光眼 肝功能不全 低血压 呕吐 血压升高 失眠
莫沙必利_199,心血管药,头痛 焦虑 胃炎 上呼吸道感染,出血倾向 哺乳期 青光眼,食欲不振 皮疹 胃不适 恶心,心血管药 头痛 焦虑 胃炎 上呼吸道感染 出血倾向 哺乳期 青光眼 食欲不振 皮疹 胃不适 恶心
胰岛素_228,消化系统药,失眠 细菌感染,前列腺肥大,口干 心悸,消化系统药 失眠 细菌感染 前列腺肥大 口干 心悸
恩替卡韦_74,解热镇痛药,腹泻 失眠 上呼吸道感染 发热 胃炎,胃溃疡,皮疹 腹泻 便秘 食欲不振,解热镇痛药 腹泻 失眠 上呼吸道感染 发热 胃炎 胃溃疡 皮疹 腹泻 便秘 食欲不振
恩替卡韦_478,中成药,支气管炎 上呼吸道感染 炎症 高血压 糖尿病,肝功能不全 哮喘患者 老年人,失眠 腹泻 头晕 血压升高,中成药 支气管炎 上呼吸道感染 炎症 高血压 糖尿病 肝功能不全 哮喘患者 老年人 失眠 腹泻 头晕 血压升高
塞来昔布_358,内分泌药,细菌感染 糖尿病 支气管炎 心绞痛 疼痛,出血倾向 哺乳期 哮喘患者,嗜睡 失眠,内分泌药 细菌感染 糖尿病 支气管炎 心绞痛 疼痛 出血倾向 哺乳期 哮喘患者 嗜睡 失眠
更昔洛韦_250,呼吸系统药,过敏性鼻炎 支气管炎,孕妇,头晕 乏力 胃不适 口干,呼吸系统药 过敏性鼻炎 支气管炎 孕妇 头晕 乏力 胃不适 口干
扑尔敏_119,抗过敏药,心绞痛 支气管炎 咳嗽,青霉素过敏 哺乳期 肾功能不全,血压升高 腹泻,抗过敏药 心绞痛 支气管炎 咳嗽 青霉素过敏 哺乳期 肾功能不全 血压升高 腹泻
阿普唑仑_310,神经系统药,糖尿病 咳嗽 过敏性鼻炎 细菌感染,儿童 前列腺肥大 老年人,口干 皮疹 嗜睡 失眠,神经系统药 糖尿病 咳嗽 过敏性鼻炎 细菌感染 儿童 前列腺肥大 老年人 口干 皮疹 嗜睡 失眠
黄连素_299,呼吸系统药,腹泻 糖尿病 头痛,出血倾向,食欲不振 呕吐 血压升高 恶心,呼吸系统药 腹泻 糖尿病 头痛 出血倾向 食欲不振 呕吐 血压升高 恶心
铝碳酸镁_255,呼吸系统药,哮喘 头痛 发热 上呼吸道感染,出血倾向 哮喘患者,呕吐 头晕 过敏反应,呼吸系统药 哮喘 头痛 发热 上呼吸道感染 出血倾向 哮喘患者 呕吐 头晕 过敏反应
沙丁胺醇_354,内分泌药,焦虑 高血压,肾功能不全 老年人 心动过缓,嗜睡 胃不适 乏力,内分泌药 焦虑 高血压 肾功能不全 老年人 心动过缓 嗜睡 胃不适 乏力
阿普唑仑_399,内分泌药,过敏性鼻炎 发热 腹泻 支气管炎 心绞痛,哺乳期 青霉素过敏,皮疹 血压升高 便秘 口干,内分泌药 过敏性鼻炎 发热 腹泻 支气管炎 心绞痛 哺乳期 青霉素过敏 皮疹 血压升高 便秘 口干
多潘立酮_225,消化系统药,过敏性鼻炎 病毒性感染,低血压 肾功能不全,皮疹 失眠 恶心 乏力,消化系统药 过敏性鼻炎 病毒性感染 低血压 肾功能不全 皮疹 失眠 恶心 乏力
青霉素V钾_353,内分泌药,头痛 失眠 过敏性鼻炎,孕妇,头晕 恶心,内分泌药 头痛 失眠 过敏性鼻炎 孕妇 头晕 恶心
布洛芬_234,消化系统药,哮喘 发热 病毒性感染 高血压 细菌感染,胃溃疡 青光眼,食欲不振 恶心 呕吐 皮疹,消化系统药 哮喘 发热 病毒性感染 高血压 细菌感染 胃溃疡 青光眼 食欲不振 恶心 呕吐 皮疹
乳果糖_382,内分泌药,胃炎 疼痛,前列腺肥大 低血压,血压升高 嗜睡 口干 便秘,内分泌药 胃炎 疼痛 前列腺肥大 低血压 血压升高 嗜睡 口干 便秘
卡托普利_274,呼吸系统药,便秘 支气管炎 糖尿病 病毒性感染 头痛,哮喘患者 老年人,食欲不振 头晕 便秘,呼吸系统药 便秘 支气管炎 糖尿病 病毒性感染 头痛 哮喘患者 老年人 食欲不振 头晕 便秘
格列美脲,抗生素,细菌感染 发热 焦虑 胃酸过多,青霉素过敏,乏力 头晕 便秘,抗生素 细菌感染 发热 焦虑 胃酸过多 青霉素过敏 乏力 头晕 便秘
塞来昔布_196,心血管药,疼痛 便秘 糖尿病,青霉素过敏 酒精依赖 老年人,胃不适 嗜睡,心血管药 疼痛 便秘 糖尿病 青霉素过敏 酒精依赖 老年人 胃不适 嗜睡
蒙脱石散_139,抗过敏药,哮喘 发热 焦虑 头痛 心绞痛,心动过缓 胃溃疡,呕吐 口干 腹泻 胃不适,抗过敏药 哮喘 发热 焦虑 头痛 心绞痛 心动过缓 胃溃疡 呕吐 口干 腹泻 胃不适
双氯芬酸_364,内分泌药,心绞痛 哮喘,心动过缓 出血倾向,失眠 心悸,内分泌药 心绞痛 哮喘 心动过缓 出血倾向 失眠 心悸
艾司西酞普兰_244,消化系统药,上呼吸道感染 病毒性感染,胃溃疡 青霉素过敏 老年人,胃不适 腹泻 血压升高 失眠,消化系统药 上呼吸道感染 病毒性感染 胃溃疡 青霉素过敏 老年人 胃不适 腹泻 血压升高 失眠
孟鲁司特_439,抗病毒药,发热 疼痛 上呼吸道感染 便秘,青霉素过敏 老年人 心动过缓,口干 乏力 食欲不振 皮疹,抗病毒药 发热 疼痛 上呼吸道感染 便秘 青霉素过敏 老年人 心动过缓 口干 乏力 食欲不振 皮疹
奥司他韦_286,呼吸系统药,焦虑 糖尿病 失眠 发热,儿童 酒精依赖 肝功能不全,血压升高 胃不适 腹泻,呼吸系统药 焦虑 糖尿病 失眠 发热 儿童 酒精依赖 肝功能不全 血压升高 胃不适 腹泻
铝碳酸镁_59,解热镇痛药,上呼吸道感染 哮喘 胃炎 糖尿病 焦虑,前列腺肥大 酒精依赖 低血压,过敏反应 皮疹 心悸 失眠,解热镇痛药 上呼吸道感染 哮喘 胃炎 糖尿病 焦虑 前列腺肥大 酒精依赖 低血压 过敏反应 皮疹 心悸 失眠
乳果糖_111,抗过敏药,胃炎 支气管炎 头痛 失眠 发热,儿童,失眠 便秘,抗过敏药 胃炎 支气管炎 头痛 失眠 发热 儿童 失眠 便秘
阿昔洛韦_89,解热镇痛药,胃酸过多 过敏性鼻炎 焦虑 腹泻 发热,哮喘患者 胃溃疡,嗜睡 便秘 呕吐,解热镇痛药 胃酸过多 过敏性鼻炎 焦虑 腹泻 发热 哮喘患者 胃溃疡 嗜睡 便秘 呕吐
布地奈德_436,抗病毒药,疼痛 胃炎 咳嗽 哮喘,胃溃疡 肾功能不全,嗜睡 皮疹,抗病毒药 疼痛 胃炎 咳嗽 哮喘 胃溃疡 肾功能不全 嗜睡 皮疹
对乙酰氨基酚,抗生素,胃炎 发热 心绞痛,胃溃疡,心悸 便秘 嗜睡,抗生素 胃炎 发热 心绞痛 胃溃疡 心悸 便秘 嗜睡
乳果糖_360,内分泌药,胃酸过多 焦虑 发热 高血压,孕妇 老年人,胃不适 心悸 乏力,内分泌药 胃酸过多 焦虑 发热 高血压 孕妇 老年人 胃不适 心悸 乏力
恩替卡韦_346,神经系统药,胃炎 疼痛 心绞痛 头痛,胃溃疡,血压升高 失眠 心悸 头晕,神经系统药 胃炎 疼痛 心绞痛 头痛 胃溃疡 血压升高 失眠 心悸 头晕
氨氯地平_338,神经系统药,过敏性鼻炎 上呼吸道感染 糖尿病,青霉素过敏 肾功能不全 心动过缓,过敏反应 乏力 食欲不振,神经系统药 过敏性鼻炎 上呼吸道感染 糖尿病 青霉素过敏 肾功能不全 心动过缓 过敏反应 乏力 食欲不振
氨溴索_158,心血管药,心绞痛 糖尿病 发热 哮喘,青霉素过敏,过敏反应 呕吐 胃不适,心血管药 心绞痛 糖尿病 发热 哮喘 青霉素过敏 过敏反应 呕吐 胃不适
阿昔洛韦_150,心血管药,咳嗽 便秘 发热 焦虑,哮喘患者 青霉素过敏 酒精依赖,头晕 皮疹 嗜睡,心血管药 咳嗽 便秘 发热 焦虑 哮喘患者 青霉素过敏 酒精依赖 头晕 皮疹 嗜睡
双氯芬酸_177,心血管药,发热 失眠 过敏性鼻炎,出血倾向 肝功能不全 儿童,失眠 嗜睡 便秘 过敏反应,心血管药 发热 失眠 过敏性鼻炎 出血倾向 肝功能不全 儿童 失眠 嗜睡 便秘 过敏反应
美托洛尔_393,内分泌药,哮喘 支气管炎,肝功能不全,口干 心悸 腹泻,内分泌药 哮喘 支气管炎 肝功能不全 口干 心悸 腹泻
氨氯地平_184,心血管药,胃酸过多 高血压,低血压 哺乳期 肾功能不全,腹泻 食欲不振 血压升高 呕吐,心血管药 胃酸过多 高血压 低血压 哺乳期 肾功能不全 腹泻 食欲不振 血压升高 呕吐
右美沙芬_449,抗病毒药,心绞痛 细菌感染,心动过缓,头晕 过敏反应 便秘 血压升高,抗病毒药 心绞痛 细菌感染 心动过缓 头晕 过敏反应 便秘 血压升高
氯雷他定,抗生素,高血压 腹泻 糖尿病 失眠,哺乳期,皮疹 胃不适,抗生素 高血压 腹泻 糖尿病 失眠 哺乳期 皮疹 胃不适
孟鲁司特_380,内分泌药,上呼吸道感染 支气管炎 便秘 高血压,青光眼,便秘 胃不适,内分泌药 上呼吸道感染 支气管炎 便秘 高血压 青光眼 便秘 胃不适
多潘立酮_103,抗过敏药,焦虑 咳嗽 心绞痛 便秘,心动过缓 青光眼,头晕 过敏反应,抗过敏药 焦虑 咳嗽 心绞痛 便秘 心动过缓 青光眼 头晕 过敏反应
蒙脱石散_81,解热镇痛药,发热 心绞痛 头痛 焦虑,心动过缓 儿童 酒精依赖,乏力 血压升高,解热镇痛药 发热 心绞痛 头痛 焦虑 心动过缓 儿童 酒精依赖 乏力 血压升高
胰岛素,抗生素,炎症 病毒性感染 咳嗽 焦虑,青霉素过敏,嗜睡 乏力 恶心,抗生素 炎症 病毒性感染 咳嗽 焦虑 青霉素过敏 嗜睡 乏力 恶心
蒲地蓝_314,神经系统药,咳嗽 上呼吸道感染 焦虑,孕妇,嗜睡 便秘 胃不适 恶心,神经系统药 咳嗽 上呼吸道感染 焦虑 孕妇 嗜睡 便秘 胃不适 恶心
孟鲁司特_167,心血管药,高血压 细菌感染,酒精依赖 哺乳期,口干 失眠 血压升高 心悸,心血管药 高血压 细菌感染 酒精依赖 哺乳期 口干 失眠 血压升高 心悸
阿奇霉素_469,中成药,支气管炎 头痛 便秘 胃酸过多,老年人 儿童 心动过缓,胃不适 心悸 口干,中成药 支气管炎 头痛 便秘 胃酸过多 老年人 儿童 心动过缓 胃不适 心悸 口干
板蓝根_296,呼吸系统药,咳嗽 焦虑 失眠,肝功能不全,头晕 乏力,呼吸系统药 咳嗽 焦虑 失眠 肝功能不全 头晕 乏力
卡托普利_474,中成药,心绞痛 高血压 疼痛,哮喘患者 肾功能不全 儿童,呕吐 过敏反应,中成药 心绞痛 高血压 疼痛 哮喘患者 肾功能不全 儿童 呕吐 过敏反应
连花清瘟_198,心血管药,炎症 支气管炎 便秘 病毒性感染,出血倾向 前列腺肥大 心动过缓,心悸 失眠 恶心,心血管药 炎症 支气管炎 便秘 病毒性感染 出血倾向 前列腺肥大 心动过缓 心悸 失眠 恶心
双氯芬酸_297,呼吸系统药,哮喘 焦虑 支气管炎 咳嗽 心绞痛,青光眼 肝功能不全,血压升高 食欲不振,呼吸系统药 哮喘 焦虑 支气管炎 咳嗽 心绞痛 青光眼 肝功能不全 血压升高 食欲不振
金银花颗粒_416,抗病毒药,炎症 病毒性感染 高血压 疼痛,出血倾向 肾功能不全,呕吐 头晕 失眠 胃不适,抗病毒药 炎症 病毒性感染 高血压 疼痛 出血倾向 肾功能不全 呕吐 头晕 失眠 胃不适
布地奈德_146,抗过敏药,支气管炎 发热,青光眼 肾功能不全 青霉素过敏,胃不适 心悸,抗过敏药 支气管炎 发热 青光眼 肾功能不全 青霉素过敏 胃不适 心悸
对乙酰氨基酚_392,内分泌药,上呼吸道感染 咳嗽,青光眼 肾功能不全 哮喘患者,过敏反应 心悸 食欲不振,内分泌药 上呼吸道感染 咳嗽 青光眼 肾功能不全 哮喘患者 过敏反应 心悸 食欲不振
布地奈德_147,抗过敏药,哮喘 疼痛 胃炎,胃溃疡 儿童,便秘 食欲不振 恶心,抗过敏药 哮喘 疼痛 胃炎 胃溃疡 儿童 便秘 食欲不振 恶心
美托洛尔_447,抗病毒药,咳嗽 过敏性鼻炎 炎症,心动过缓 前列腺肥大,便秘 皮疹,抗病毒药 咳嗽 过敏性鼻炎 炎症 心动过缓 前列腺肥大 便秘 皮疹
恩替卡韦_287,呼吸系统药,失眠 腹泻 支气管炎 上呼吸道感染,肝功能不全 前列腺肥大 出血倾向,便秘 胃不适 嗜睡 呕吐,呼吸系统药 失眠 腹泻 支气管炎 上呼吸道感染 肝功能不全 前列腺肥大 出血倾向 便秘 胃不适 嗜睡 呕吐
更昔洛韦_123,抗过敏药,失眠 上呼吸道感染 细菌感染 腹泻,胃溃疡 青光眼,心悸 胃不适,抗过敏药 失眠 上呼吸道感染 细菌感染 腹泻 胃溃疡 青光眼 心悸 胃不适
双歧杆菌_368,内分泌药,失眠 胃酸过多 高血压 疼痛,青光眼 低血压,口干 食欲不振 呕吐 恶心,内分泌药 失眠 胃酸过多 高血压 疼痛 青光眼 低血压 口干 食欲不振 呕吐 恶心
复方甘草片_96,解热镇痛药,支气管炎 便秘 胃酸过多 上呼吸道感染 胃炎,哺乳期 老年人 心动过缓,便秘 心悸 头晕 失眠,解热镇痛药 支气管炎 便秘 胃酸过多 上呼吸道感染 胃炎 哺乳期 老年人 心动过缓 便秘 心悸 头晕 失眠
塞来昔布_143,抗过敏药,发热 腹泻 失眠 胃炎 胃酸过多,青霉素过敏 哮喘患者 低血压,腹泻 心悸,抗过敏药 发热 腹泻 失眠 胃炎 胃酸过多 青霉素过敏 哮喘患者 低血压 腹泻 心悸
头孢克肟_239,消化系统药,病毒性感染 炎症 焦虑 胃炎,孕妇,皮疹 口干 食欲不振,消化系统药 病毒性感染 炎症 焦虑 胃炎 孕妇 皮疹 口干 食欲不振
萘普生_442,抗病毒药,过敏性鼻炎 疼痛 咳嗽 腹泻 哮喘,孕妇,皮疹 呕吐 腹泻,抗病毒药 过敏性鼻炎 疼痛 咳嗽 腹泻 哮喘 孕妇 皮疹 呕吐 腹泻
苯巴比妥_97,解热镇痛药,哮喘 支气管炎 病毒性感染 糖尿病 失眠,老年人 孕妇,皮疹 食欲不振 口干 过敏反应,解热镇痛药 哮喘 支气管炎 病毒性感染 糖尿病 失眠 老年人 孕妇 皮疹 食欲不振 口干 过敏反应
罗红霉素_407,抗病毒药,炎症 腹泻 便秘 过敏性鼻炎 病毒性感染,老年人 肾功能不全 肝功能不全,便秘 食欲不振 失眠,抗病毒药 炎症 腹泻 便秘 过敏性鼻炎 病毒性感染 老年人 肾功能不全 肝功能不全 便秘 食欲不振 失眠
佐匹克隆_122,抗过敏药,失眠 便秘,心动过缓,胃不适 乏力,抗过敏药 失眠 便秘 心动过缓 胃不适 乏力
卡马西平_183,心血管药,胃炎 过敏性鼻炎 炎症,酒精依赖 前列腺肥大,嗜睡 血压升高,心血管药 胃炎 过敏性鼻炎 炎症 酒精依赖 前列腺肥大 嗜睡 血压升高
二甲双胍_202,消化系统药,腹泻 便秘 糖尿病 支气管炎,出血倾向,嗜睡 血压升高 过敏反应 便秘,消化系统药 腹泻 便秘 糖尿病 支气管炎 出血倾向 嗜睡 血压升高 过敏反应 便秘
黄连素_246,消化系统药,发热 哮喘 糖尿病 失眠 心绞痛,孕妇 哺乳期 青光眼,便秘 失眠,消化系统药 发热 哮喘 糖尿病 失眠 心绞痛 孕妇 哺乳期 青光眼 便秘 失眠
双氯芬酸_305,神经系统药,疼痛 细菌感染 胃炎 过敏性鼻炎 头痛,前列腺肥大,胃不适 恶心,神经系统药 疼痛 细菌感染 胃炎 过敏性鼻炎 头痛 前列腺肥大 胃不适 恶心
胰岛素_298,呼吸系统药,上呼吸道感染 胃炎 高血压 便秘,低血压 孕妇 前列腺肥大,腹泻 便秘 恶心,呼吸系统药 上呼吸道感染 胃炎 高血压 便秘 低血压 孕妇 前列腺肥大 腹泻 便秘 恶心
更昔洛韦_351,内分泌药,发热 哮喘,胃溃疡 儿童 心动过缓,血压升高 恶心,内分泌药 发热 哮喘 胃溃疡 儿童 心动过缓 血压升高 恶心
双氯芬酸_386,内分泌药,腹泻 咳嗽 高血压 上呼吸道感染,胃溃疡 青光眼,便秘 血压升高,内分泌药 腹泻 咳嗽 高血压 上呼吸道感染 胃溃疡 青光眼 便秘 血压升高
阿普唑仑_395,内分泌药,过敏性鼻炎 糖尿病 哮喘 上呼吸道感染 咳嗽,酒精依赖 出血倾向,过敏反应 口干,内分泌药 过敏性鼻炎 糖尿病 哮喘 上呼吸道感染 咳嗽 酒精依赖 出血倾向 过敏反应 口干
氨氯地平_284,呼吸系统药,炎症 胃酸过多 便秘 头痛,儿童,过敏反应 恶心 腹泻,呼吸系统药 炎症 胃酸过多 便秘 头痛 儿童 过敏反应 恶心 腹泻
二甲双胍_125,抗过敏药,糖尿病 便秘 胃炎 失眠,心动过缓 胃溃疡 肝功能不全,呕吐 失眠 便秘 乏力,抗过敏药 糖尿病 便秘 胃炎 失眠 心动过缓 胃溃疡 肝功能不全 呕吐 失眠 便秘 乏力
佐匹克隆_302,神经系统药,便秘 焦虑 炎症 糖尿病,青光眼,血压升高 食欲不振 头晕 腹泻,神经系统药 便秘 焦虑 炎症 糖尿病 青光眼 血压升高 食欲不振 头晕 腹泻
苯巴比妥_223,消化系统药,发热 腹泻,哺乳期,头晕 乏力 过敏反应,消化系统药 发热 腹泻 哺乳期 头晕 乏力 过敏反应
双歧杆菌_418,抗病毒药,上呼吸道感染 支气管炎 失眠 咳嗽,肾功能不全,食欲不振 恶心 乏力,抗病毒药 上呼吸道感染 支气管炎 失眠 咳嗽 肾功能不全 食欲不振 恶心 乏力
孟鲁司特_219,消化系统药,过敏性鼻炎 支气管炎 便秘,肝功能不全 青光眼,胃不适 食欲不振,消化系统药 过敏性鼻炎 支气管炎 便秘 肝功能不全 青光眼 胃不适 食欲不振
氨氯地平_129,抗过敏药,哮喘 头痛 便秘 高血压,青光眼,皮疹 失眠 呕吐,抗过敏药 哮喘 头痛 便秘 高血压 青光眼 皮疹 失眠 呕吐
卡马西平_420,抗病毒药,便秘 过敏性鼻炎,低血压 酒精依赖,呕吐 嗜睡 皮疹,抗病毒药 便秘 过敏性鼻炎 低血压 酒精依赖 呕吐 嗜睡 皮疹
格列美脲_289,呼吸系统药,支气管炎 细菌感染 炎症 头痛 失眠,肝功能不全,心悸 过敏反应,呼吸系统药 支气管炎 细菌感染 炎症 头痛 失眠 肝功能不全 心悸 过敏反应
阿昔洛韦_444,抗病毒药,头痛 便秘 胃酸过多 病毒性感染,低血压 心动过缓 肾功能不全,便秘 口干 嗜睡,抗病毒药 头痛 便秘 胃酸过多 病毒性感染 低血压 心动过缓 肾功能不全 便秘 口干 嗜睡
阿普唑仑_376,内分泌药,便秘 头痛 糖尿病,哺乳期 胃溃疡 青霉素过敏,头晕 皮疹,内分泌药 便秘 头痛 糖尿病 哺乳期 胃溃疡 青霉素过敏 头晕 皮疹
更昔洛韦_291,呼吸系统药,细菌感染 糖尿病 胃炎,前列腺肥大 儿童 孕妇,便秘 呕吐 胃不适,呼吸系统药 细菌感染 糖尿病 胃炎 前列腺肥大 儿童 孕妇 便秘 呕吐 胃不适
阿奇霉素_355,内分泌药,糖尿病 病毒性感染,低血压 哮喘患者,血压升高 心悸 恶心,内分泌药 糖尿病 病毒性感染 低血压 哮喘患者 血压升高 心悸 恶心
布洛芬_294,呼吸系统药,头痛 支气管炎,酒精依赖 哺乳期,口干 乏力,呼吸系统药 头痛 支气管炎 酒精依赖 哺乳期 口干 乏力
布地奈德_396,内分泌药,发热 胃酸过多,哮喘患者 青霉素过敏 前列腺肥大,血压升高 乏力 胃不适 食欲不振,内分泌药 发热 胃酸过多 哮喘患者 青霉素过敏 前列腺肥大 血压升高 乏力 胃不适 食欲不振
氯雷他定_340,神经系统药,支气管炎 失眠,哺乳期,皮疹 胃不适,神经系统药 支气管炎 失眠 哺乳期 皮疹 胃不适
板蓝根_112,抗过敏药,病毒性感染 哮喘 发热 糖尿病 上呼吸道感染,低血压 肝功能不全,嗜睡 便秘 胃不适,抗过敏药 病毒性感染 哮喘 发热 糖尿病 上呼吸道感染 低血压 肝功能不全 嗜睡 便秘 胃不适
恩替卡韦_179,心血管药,哮喘 便秘 心绞痛,孕妇,皮疹 乏力,心血管药 哮喘 便秘 心绞痛 孕妇 皮疹 乏力
头孢克肟_307,神经系统药,焦虑 胃酸过多 便秘 发热,前列腺肥大 心动过缓,呕吐 心悸 失眠 血压升高,神经系统药 焦虑 胃酸过多 便秘 发热 前列腺肥大 心动过缓 呕吐 心悸 失眠 血压升高
氨溴索_432,抗病毒药,胃炎 高血压,前列腺肥大 酒精依赖 哮喘患者,口干 便秘,抗病毒药 胃炎 高血压 前列腺肥大 酒精依赖 哮喘患者 口干 便秘
布洛芬_487,中成药,支气管炎 心绞痛 疼痛,青光眼 哺乳期,腹泻 食欲不振 便秘 口干,中成药 支气管炎 心绞痛 疼痛 青光眼 哺乳期 腹泻 食欲不振 便秘 口干
酮替芬_481,中成药,胃酸过多 心绞痛,胃溃疡 老年人 酒精依赖,头晕 乏力,中成药 胃酸过多 心绞痛 胃溃疡 老年人 酒精依赖 头晕 乏力
布地奈德_422,抗病毒药,疼痛 心绞痛 细菌感染,酒精依赖 哮喘患者 胃溃疡,口干 腹泻,抗病毒药 疼痛 心绞痛 细菌感染 酒精依赖 哮喘患者 胃溃疡 口干 腹泻
蒙脱石散_233,消化系统药,细菌感染 病毒性感染 焦虑 炎症 咳嗽,孕妇 哺乳期,嗜睡 便秘,消化系统药 细菌感染 病毒性感染 焦虑 炎症 咳嗽 孕妇 哺乳期 嗜睡 便秘
右美沙芬_311,神经系统药,胃酸过多 发热 哮喘 头痛,青光眼 青霉素过敏 肾功能不全,乏力 血压升高,神经系统药 胃酸过多 发热 哮喘 头痛 青光眼 青霉素过敏 肾功能不全 乏力 血压升高
佐匹克隆_164,心血管药,糖尿病 腹泻,青光眼,嗜睡 腹泻 胃不适,心血管药 糖尿病 腹泻 青光眼 嗜睡 腹泻 胃不适
蒲地蓝_136,抗过敏药,胃炎 支气管炎 头痛 上呼吸道感染,前列腺肥大 胃溃疡,头晕 口干,抗过敏药 胃炎 支气管炎 头痛 上呼吸道感染 前列腺肥大 胃溃疡 头晕 口干
蒙脱石散_197,心血管药,便秘 失眠 咳嗽 疼痛 病毒性感染,酒精依赖 心动过缓,头晕 口干 食欲不振,心血管药 便秘 失眠 咳嗽 疼痛 病毒性感染 酒精依赖 心动过缓 头晕 口干 食欲不振
卡马西平_258,呼吸系统药,糖尿病 过敏性鼻炎 咳嗽,哺乳期 酒精依赖,头晕 呕吐 过敏反应,呼吸系统药 糖尿病 过敏性鼻炎 咳嗽 哺乳期 酒精依赖 头晕 呕吐 过敏反应
奥美拉唑_232,消化系统药,焦虑 咳嗽 胃炎 糖尿病 过敏性鼻炎,出血倾向 孕妇 老年人,失眠 胃不适 头晕,消化系统药 焦虑 咳嗽 胃炎 糖尿病 过敏性鼻炎 出血倾向 孕妇 老年人 失眠 胃不适 头晕
艾司西酞普兰_115,抗过敏药,头痛 心绞痛,肾功能不全 胃溃疡 出血倾向,便秘 胃不适 失眠,抗过敏药 头痛 心绞痛 肾功能不全 胃溃疡 出血倾向 便秘 胃不适 失眠
蒙脱石散_120,抗过敏药,头痛 上呼吸道感染 咳嗽,哮喘患者,食欲不振 嗜睡,抗过敏药 头痛 上呼吸道感染 咳嗽 哮喘患者 食欲不振 嗜睡
卡托普利_349,神经系统药,病毒性感染 糖尿病,哮喘患者,嗜睡 头晕 心悸,神经系统药 病毒性感染 糖尿病 哮喘患者 嗜睡 头晕 心悸
复方甘草片_224,消化系统药,哮喘 糖尿病 失眠 炎症 便秘,青光眼,失眠 血压升高 头晕 便秘,消化系统药 哮喘 糖尿病 失眠 炎症 便秘 青光眼 失眠 血压升高 头晕 便秘
吡格列酮_402,抗病毒药,便秘 病毒性感染 高血压 失眠,哮喘患者 老年人,失眠 皮疹,抗病毒药 便秘 病毒性感染 高血压 失眠 哮喘患者 老年人 失眠 皮疹
板蓝根_397,内分泌药,支气管炎 便秘 炎症,前列腺肥大 心动过缓 肝功能不全,便秘 胃不适 皮疹,内分泌药 支气管炎 便秘 炎症 前列腺肥大 心动过缓 肝功能不全 便秘 胃不适 皮疹
对乙酰氨基酚_127,抗过敏药,焦虑 支气管炎 胃酸过多 哮喘,青光眼,呕吐 过敏反应 失眠,抗过敏药 焦虑 支气管炎 胃酸过多 哮喘 青光眼 呕吐 过敏反应 失眠
阿昔洛韦_285,呼吸系统药,咳嗽 心绞痛 疼痛,哮喘患者 老年人 孕妇,口干 心悸 头晕 食欲不振,呼吸系统药 咳嗽 心绞痛 疼痛 哮喘患者 老年人 孕妇 口干 心悸 头晕 食欲不振
二甲双胍_411,抗病毒药,炎症 疼痛 焦虑 胃炎 病毒性感染,低血压,恶心 口干,抗病毒药 炎症 疼痛 焦虑 胃炎 病毒性感染 低血压 恶心 口干
氨氯地平_107,抗过敏药,糖尿病 胃酸过多,心动过缓,乏力 胃不适 恶心 食欲不振,抗过敏药 糖尿病 胃酸过多 心动过缓 乏力 胃不适 恶心 食欲不振
卡托普利_370,内分泌药,高血压 咳嗽 便秘 心绞痛,儿童,口干 便秘 嗜睡 失眠,内分泌药 高血压 咳嗽 便秘 心绞痛 儿童 口干 便秘 嗜睡 失眠
孟鲁司特_325,神经系统药,咳嗽 发热 支气管炎 头痛 细菌感染,青霉素过敏 肾功能不全,口干 失眠 胃不适 过敏反应,神经系统药 咳嗽 发热 支气管炎 头痛 细菌感染 青霉素过敏 肾功能不全 口干 失眠 胃不适 过敏反应
板蓝根_133,抗过敏药,炎症 发热 细菌感染 咳嗽,儿童,恶心 便秘 呕吐 腹泻,抗过敏药 炎症 发热 细菌感染 咳嗽 儿童 恶心 便秘 呕吐 腹泻
阿卡波糖_452,中成药,疼痛 便秘 胃酸过多,前列腺肥大,嗜睡 心悸 食欲不振 乏力,中成药 疼痛 便秘 胃酸过多 前列腺肥大 嗜睡 心悸 食欲不振 乏力
恩替卡韦,抗生素,头痛 焦虑,前列腺肥大 儿童,口干 食欲不振 血压升高,抗生素 头痛 焦虑 前列腺肥大 儿童 口干 食欲不振 血压升高
美托洛尔_460,中成药,高血压 焦虑 病毒性感染 腹泻 过敏性鼻炎,低血压 酒精依赖,腹泻 过敏反应 食欲不振,中成药 高血压 焦虑 病毒性感染 腹泻 过敏性鼻炎 低血压 酒精依赖 腹泻 过敏反应 食欲不振
阿普唑仑_65,解热镇痛药,炎症 高血压,前列腺肥大 哺乳期,头晕 食欲不振 失眠,解热镇痛药 炎症 高血压 前列腺肥大 哺乳期 头晕 食欲不振 失眠
吡格列酮_283,呼吸系统药,高血压 疼痛 细菌感染,哮喘患者 低血压 哺乳期,血压升高 头晕 嗜睡 胃不适,呼吸系统药 高血压 疼痛 细菌感染 哮喘患者 低血压 哺乳期 血压升高 头晕 嗜睡 胃不适
酮替芬_85,解热镇痛药,炎症 高血压 焦虑 头痛,孕妇 青光眼 肾功能不全,失眠 头晕 呕吐,解热镇痛药 炎症 高血压 焦虑 头痛 孕妇 青光眼 肾功能不全 失眠 头晕 呕吐
整肠生_242,消化系统药,细菌感染 上呼吸道感染,肾功能不全 老年人,皮疹 呕吐 胃不适 头晕,消化系统药 细菌感染 上呼吸道感染 肾功能不全 老年人 皮疹 呕吐 胃不适 头晕
青霉素V钾_186,心血管药,发热 细菌感染,儿童 心动过缓 哺乳期,皮疹 乏力 食欲不振 口干,心血管药 发热 细菌感染 儿童 心动过缓 哺乳期 皮疹 乏力 食欲不振 口干
萘普生_383,内分泌药,腹泻 哮喘 高血压 过敏性鼻炎,青霉素过敏 孕妇,胃不适 头晕,内分泌药 腹泻 哮喘 高血压 过敏性鼻炎 青霉素过敏 孕妇 胃不适 头晕
阿昔洛韦_159,心血管药,咳嗽 疼痛 细菌感染 胃炎,前列腺肥大 老年人,乏力 胃不适,心血管药 咳嗽 疼痛 细菌感染 胃炎 前列腺肥大 老年人 乏力 胃不适
孟鲁司特,抗生素,咳嗽 过敏性鼻炎,胃溃疡 心动过缓 肝功能不全,口干 食欲不振 心悸,抗生素 咳嗽 过敏性鼻炎 胃溃疡 心动过缓 肝功能不全 口干 食欲不振 心悸
二甲双胍,抗生素,胃酸过多 胃炎 高血压,哮喘患者 孕妇 青光眼,失眠 腹泻 血压升高 心悸,抗生素 胃酸过多 胃炎 高血压 哮喘患者 孕妇 青光眼 失眠 腹泻 血压升高 心悸
布地奈德,抗生素,支气管炎 细菌感染,心动过缓,血压升高 失眠 过敏反应,抗生素 支气管炎 细菌感染 心动过缓 血压升高 失眠 过敏反应
艾司西酞普兰_170,心血管药,便秘 胃酸过多 发热 焦虑,胃溃疡,失眠 头晕 血压升高 腹泻,心血管药 便秘 胃酸过多 发热 焦虑 胃溃疡 失眠 头晕 血压升高 腹泻
阿奇霉素_142,抗过敏药,腹泻 失眠 炎症,酒精依赖 心动过缓 青光眼,食欲不振 嗜睡 便秘 失眠,抗过敏药 腹泻 失眠 炎症 酒精依赖 心动过缓 青光眼 食欲不振 嗜睡 便秘 失眠
阿普唑仑_398,内分泌药,糖尿病 咳嗽 病毒性感染 细菌感染,青光眼,血压升高 失眠,内分泌药 糖尿病 咳嗽 病毒性感染 细菌感染 青光眼 血压升高 失眠
铝碳酸镁_342,神经系统药,病毒性感染 糖尿病 头痛 腹泻,青光眼 儿童 酒精依赖,头晕 心悸,神经系统药 病毒性感染 糖尿病 头痛 腹泻 青光眼 儿童 酒精依赖 头晕 心悸
茶碱_221,消化系统药,病毒性感染 失眠,儿童 哺乳期 前列腺肥大,口干 腹泻,消化系统药 病毒性感染 失眠 儿童 哺乳期 前列腺肥大 口干 腹泻
阿普唑仑_95,解热镇痛药,失眠 病毒性感染 咳嗽,孕妇 心动过缓,胃不适 头晕 呕吐 腹泻,解热镇痛药 失眠 病毒性感染 咳嗽 孕妇 心动过缓 胃不适 头晕 呕吐 腹泻
蒙脱石散,解热镇痛药,胃炎 心绞痛 高血压,青霉素过敏,皮疹 心悸,解热镇痛药 胃炎 心绞痛 高血压 青霉素过敏 皮疹 心悸
整肠生_240,消化系统药,腹泻 病毒性感染 支气管炎,儿童 老年人,胃不适 便秘 过敏反应,消化系统药 腹泻 病毒性感染 支气管炎 儿童 老年人 胃不适 便秘 过敏反应
乳果糖_484,中成药,腹泻 头痛 失眠 支气管炎,哮喘患者 酒精依赖,血压升高 乏力 腹泻 嗜睡,中成药 腹泻 头痛 失眠 支气管炎 哮喘患者 酒精依赖 血压升高 乏力 腹泻 嗜睡
奥司他韦_378,内分泌药,上呼吸道感染 失眠,孕妇 儿童,食欲不振 乏力,内分泌药 上呼吸道感染 失眠 孕妇 儿童 食欲不振 乏力
金银花颗粒_178,心血管药,病毒性感染 疼痛,酒精依赖 哺乳期,胃不适 过敏反应,心血管药 病毒性感染 疼痛 酒精依赖 哺乳期 胃不适 过敏反应
阿昔洛韦,抗生素,胃酸过多 过敏性鼻炎 头痛,老年人 青霉素过敏,皮疹 过敏反应 心悸,抗生素 胃酸过多 过敏性鼻炎 头痛 老年人 青霉素过敏 皮疹 过敏反应 心悸
氨氯地平_498,中成药,失眠 疼痛,前列腺肥大 心动过缓,皮疹 嗜睡 恶心,中成药 失眠 疼痛 前列腺肥大 心动过缓 皮疹 嗜睡 恶心
扑尔敏_421,抗病毒药,支气管炎 哮喘 胃炎 高血压,低血压 出血倾向 酒精依赖,恶心 呕吐 便秘 嗜睡,抗病毒药 支气管炎 哮喘 胃炎 高血压 低血压 出血倾向 酒精依赖 恶心 呕吐 便秘 嗜睡
卡托普利_206,消化系统药,高血压 疼痛 病毒性感染 胃酸过多 便秘,肝功能不全,胃不适 食欲不振 皮疹 乏力,消化系统药 高血压 疼痛 病毒性感染 胃酸过多 便秘 肝功能不全 胃不适 食欲不振 皮疹 乏力
布地奈德_282,呼吸系统药,心绞痛 高血压,心动过缓 前列腺肥大 哮喘患者,食欲不振 便秘 口干 头晕,呼吸系统药 心绞痛 高血压 心动过缓 前列腺肥大 哮喘患者 食欲不振 便秘 口干 头晕
阿卡波糖_254,呼吸系统药,发热 胃炎 心绞痛 疼痛 便秘,肾功能不全 胃溃疡,乏力 便秘 头晕 胃不适,呼吸系统药 发热 胃炎 心绞痛 疼痛 便秘 肾功能不全 胃溃疡 乏力 便秘 头晕 胃不适
塞来昔布_412,抗病毒药,细菌感染 高血压,儿童 酒精依赖,腹泻 便秘,抗病毒药 细菌感染 高血压 儿童 酒精依赖 腹泻 便秘
阿奇霉素,抗生素,哮喘 疼痛,哺乳期 儿童 青霉素过敏,心悸 血压升高 呕吐 口干,抗生素 哮喘 疼痛 哺乳期 儿童 青霉素过敏 心悸 血压升高 呕吐 口干
西替利嗪_256,呼吸系统药,失眠 病毒性感染 炎症 便秘 焦虑,青霉素过敏,嗜睡 血压升高,呼吸系统药 失眠 病毒性感染 炎症 便秘 焦虑 青霉素过敏 嗜睡 血压升高
右美沙芬_448,抗病毒药,头痛 腹泻 炎症 病毒性感染,心动过缓,便秘 失眠,抗病毒药 头痛 腹泻 炎症 病毒性感染 心动过缓 便秘 失眠
阿昔洛韦_100,抗过敏药,发热 腹泻 胃酸过多,心动过缓 前列腺肥大,便秘 呕吐 嗜睡,抗过敏药 发热 腹泻 胃酸过多 心动过缓 前列腺肥大 便秘 呕吐 嗜睡
缬沙坦_226,消化系统药,病毒性感染 焦虑 疼痛 糖尿病 心绞痛,出血倾向,头晕 腹泻 皮疹,消化系统药 病毒性感染 焦虑 疼痛 糖尿病 心绞痛 出血倾向 头晕 腹泻 皮疹
多潘立酮_429,抗病毒药,胃炎 疼痛,肝功能不全 哺乳期 儿童,口干 过敏反应 便秘,抗病毒药 胃炎 疼痛 肝功能不全 哺乳期 儿童 口干 过敏反应 便秘
黄连素_213,消化系统药,炎症 高血压 过敏性鼻炎 糖尿病,低血压 哮喘患者,口干 便秘,消化系统药 炎症 高血压 过敏性鼻炎 糖尿病 低血压 哮喘患者 口干 便秘
奥美拉唑_171,心血管药,发热 支气管炎,哺乳期 酒精依赖 出血倾向,胃不适 口干 头晕 过敏反应,心血管药 发热 支气管炎 哺乳期 酒精依赖 出血倾向 胃不适 口干 头晕 过敏反应
双歧杆菌_98,解热镇痛药,细菌感染 支气管炎 腹泻 糖尿病 便秘,儿童 老年人 青光眼,心悸 恶心,解热镇痛药 细菌感染 支气管炎 腹泻 糖尿病 便秘 儿童 老年人 青光眼 心悸 恶心
对乙酰氨基酚_292,呼吸系统药,高血压 腹泻,肾功能不全,皮疹 血压升高 便秘 心悸,呼吸系统药 高血压 腹泻 肾功能不全 皮疹 血压升高 便秘 心悸
蒲地蓝_215,消化系统药,支气管炎 胃炎 上呼吸道感染 胃酸过多,哮喘患者 前列腺肥大 孕妇,便秘 呕吐,消化系统药 支气管炎 胃炎 上呼吸道感染 胃酸过多 哮喘患者 前列腺肥大 孕妇 便秘 呕吐
头孢克肟_61,解热镇痛药,炎症 疼痛 上呼吸道感染 发热 焦虑,老年人,头晕 恶心 腹泻,解热镇痛药 炎症 疼痛 上呼吸道感染 发热 焦虑 老年人 头晕 恶心 腹泻
连花清瘟,抗生素,疼痛 支气管炎 头痛 胃炎,哺乳期 青光眼 胃溃疡,口干 胃不适 腹泻,抗生素 疼痛 支气管炎 头痛 胃炎 哺乳期 青光眼 胃溃疡 口干 胃不适 腹泻
佐匹克隆,抗生素,上呼吸道感染 失眠,心动过缓 肝功能不全 老年人,皮疹 血压升高 腹泻 头晕,抗生素 上呼吸道感染 失眠 心动过缓 肝功能不全 老年人 皮疹 血压升高 腹泻 头晕
佐匹克隆_267,呼吸系统药,失眠 哮喘 糖尿病,儿童 青光眼,胃不适 血压升高 头晕 嗜睡,呼吸系统药 失眠 哮喘 糖尿病 儿童 青光眼 胃不适 血压升高 头晕 嗜睡
美托洛尔_327,神经系统药,失眠 咳嗽 细菌感染 心绞痛,哺乳期 出血倾向 胃溃疡,心悸 恶心 呕吐 腹泻,神经系统药 失眠 咳嗽 细菌感染 心绞痛 哺乳期 出血倾向 胃溃疡 心悸 恶心 呕吐 腹泻
阿卡波糖_200,消化系统药,过敏性鼻炎 便秘 糖尿病 咳嗽 心绞痛,心动过缓,呕吐 皮疹 恶心 心悸,消化系统药 过敏性鼻炎 便秘 糖尿病 咳嗽 心绞痛 心动过缓 呕吐 皮疹 恶心 心悸
黄连素_446,抗病毒药,疼痛 上呼吸道感染 便秘 咳嗽 失眠,孕妇,血压升高 便秘,抗病毒药 疼痛 上呼吸道感染 便秘 咳嗽 失眠 孕妇 血压升高 便秘
沙丁胺醇,抗生素,胃炎 焦虑 病毒性感染 腹泻 咳嗽,哺乳期,恶心 食欲不振,抗生素 胃炎 焦虑 病毒性感染 腹泻 咳嗽 哺乳期 恶心 食欲不振
奥美拉唑_424,抗病毒药,头痛 过敏性鼻炎,低血压 青霉素过敏 青光眼,皮疹 便秘,抗病毒药 头痛 过敏性鼻炎 低血压 青霉素过敏 青光眼 皮疹 便秘
复方甘草片_230,消化系统药,心绞痛 胃炎 咳嗽 便秘,胃溃疡,腹泻 恶心 血压升高,消化系统药 心绞痛 胃炎 咳嗽 便秘 胃溃疡 腹泻 恶心 血压升高
孟鲁司特_260,呼吸系统药,头痛 咳嗽 胃炎 上呼吸道感染 糖尿病,老年人 心动过缓,乏力 失眠 嗜睡,呼吸系统药 头痛 咳嗽 胃炎 上呼吸道感染 糖尿病 老年人 心动过缓 乏力 失眠 嗜睡
黄连素_288,呼吸系统药,高血压 焦虑 疼痛 腹泻 胃酸过多,老年人 哺乳期,血压升高 食欲不振 头晕,呼吸系统药 高血压 焦虑 疼痛 腹泻 胃酸过多 老年人 哺乳期 血压升高 食欲不振 头晕
茶碱_162,心血管药,头痛 腹泻,低血压 青霉素过敏 青光眼,食欲不振 皮疹 胃不适 头晕,心血管药 头痛 腹泻 低血压 青霉素过敏 青光眼 食欲不振 皮疹 胃不适 头晕
奥司他韦_425,抗病毒药,焦虑 头痛 高血压,老年人 前列腺肥大 酒精依赖,便秘 失眠 呕吐,抗病毒药 焦虑 头痛 高血压 老年人 前列腺肥大 酒精依赖 便秘 失眠 呕吐
阿奇霉素_138,抗过敏药,炎症 焦虑 糖尿病 疼痛,肝功能不全 胃溃疡,嗜睡 头晕,抗过敏药 炎症 焦虑 糖尿病 疼痛 肝功能不全 胃溃疡 嗜睡 头晕
铝碳酸镁_62,解热镇痛药,高血压 失眠 支气管炎 病毒性感染,哺乳期 儿童,腹泻 失眠 呕吐,解热镇痛药 高血压 失眠 支气管炎 病毒性感染 哺乳期 儿童 腹泻 失眠 呕吐
利巴韦林_135,抗过敏药,便秘 胃炎 细菌感染 心绞痛 糖尿病,青霉素过敏 酒精依赖 孕妇,皮疹 乏力 头晕,抗过敏药 便秘 胃炎 细菌感染 心绞痛 糖尿病 青霉素过敏 酒精依赖 孕妇 皮疹 乏力 头晕
布洛芬_128,抗过敏药,头痛 哮喘 咳嗽 细菌感染 支气管炎,肝功能不全 胃溃疡 哮喘患者,乏力 口干 胃不适 恶心,抗过敏药 头痛 哮喘 咳嗽 细菌感染 支气管炎 肝功能不全 胃溃疡 哮喘患者 乏力 口干 胃不适 恶心
艾司西酞普兰_476,中成药,便秘 胃酸过多 糖尿病,儿童,头晕 恶心 血压升高 口干,中成药 便秘 胃酸过多 糖尿病 儿童 头晕 恶心 血压升高 口干
萘普生,抗生素,过敏性鼻炎 失眠 糖尿病,酒精依赖 青光眼,血压升高 皮疹 便秘 嗜睡,抗生素 过敏性鼻炎 失眠 糖尿病 酒精依赖 青光眼 血压升高 皮疹 便秘 嗜睡
艾司西酞普兰_326,神经系统药,糖尿病 焦虑,哮喘患者,过敏反应 头晕,神经系统药 糖尿病 焦虑 哮喘患者 过敏反应 头晕
沙丁胺醇_463,中成药,发热 胃酸过多,哮喘患者,食欲不振 恶心,中成药 发热 胃酸过多 哮喘患者 食欲不振 恶心
青霉素V钾_64,解热镇痛药,心绞痛 高血压,心动过缓,皮疹 头晕,解热镇痛药 心绞痛 高血压 心动过缓 皮疹 头晕
莫沙必利_300,神经系统药,咳嗽 糖尿病 焦虑 哮喘,青光眼 肾功能不全 儿童,乏力 呕吐 恶心,神经系统药 咳嗽 糖尿病 焦虑 哮喘 青光眼 肾功能不全 儿童 乏力 呕吐 恶心
酮替芬,抗生素,便秘 过敏性鼻炎 疼痛 头痛,哺乳期 老年人 青光眼,食欲不振 皮疹 头晕 嗜睡,抗生素 便秘 过敏性鼻炎 疼痛 头痛 哺乳期 老年人 青光眼 食欲不振 皮疹 头晕 嗜睡
莫沙必利_156,心血管药,便秘 头痛,肝功能不全 儿童,腹泻 心悸,心血管药 便秘 头痛 肝功能不全 儿童 腹泻 心悸
奥司他韦,抗生素,焦虑 上呼吸道感染 过敏性鼻炎,酒精依赖 哮喘患者 儿童,乏力 便秘 胃不适,抗生素 焦虑 上呼吸道感染 过敏性鼻炎 酒精依赖 哮喘患者 儿童 乏力 便秘 胃不适
氯雷他定_379,内分泌药,发热 咳嗽 焦虑 病毒性感染 糖尿病,出血倾向 胃溃疡,恶心 血压升高,内分泌药 发热 咳嗽 焦虑 病毒性感染 糖尿病 出血倾向 胃溃疡 恶心 血压升高
乳果糖_468,中成药,心绞痛 高血压 失眠 糖尿病,青霉素过敏 哺乳期 肾功能不全,血压升高 呕吐 过敏反应,中成药 心绞痛 高血压 失眠 糖尿病 青霉素过敏 哺乳期 肾功能不全 血压升高 呕吐 过敏反应
双歧杆菌_403,抗病毒药,支气管炎 病毒性感染 腹泻 哮喘 失眠,肝功能不全,皮疹 恶心 嗜睡 乏力,抗病毒药 支气管炎 病毒性感染 腹泻 哮喘 失眠 肝功能不全 皮疹 恶心 嗜睡 乏力
茶碱_216,消化系统药,过敏性鼻炎 糖尿病 便秘 胃炎,肝功能不全 青光眼 哺乳期,食欲不振 皮疹 失眠,消化系统药 过敏性鼻炎 糖尿病 便秘 胃炎 肝功能不全 青光眼 哺乳期 食欲不振 皮疹 失眠
右美沙芬_279,呼吸系统药,腹泻 过敏性鼻炎 发热 上呼吸道感染 心绞痛,青霉素过敏 哺乳期,血压升高 腹泻,呼吸系统药 腹泻 过敏性鼻炎 发热 上呼吸道感染 心绞痛 青霉素过敏 哺乳期 血压升高 腹泻
蒙脱石散_434,抗病毒药,病毒性感染 失眠,低血压 肝功能不全 哺乳期,呕吐 腹泻 过敏反应 皮疹,抗病毒药 病毒性感染 失眠 低血压 肝功能不全 哺乳期 呕吐 腹泻 过敏反应 皮疹
头孢克肟_430,抗病毒药,过敏性鼻炎 病毒性感染 心绞痛 咳嗽 糖尿病,哺乳期 青光眼 肾功能不全,便秘 乏力 胃不适,抗病毒药 过敏性鼻炎 病毒性感染 心绞痛 咳嗽 糖尿病 哺乳期 青光眼 肾功能不全 便秘 乏力 胃不适
沙丁胺醇_337,神经系统药,支气管炎 过敏性鼻炎 病毒性感染 哮喘 心绞痛,心动过缓 老年人 肾功能不全,腹泻 胃不适 失眠,神经系统药 支气管炎 过敏性鼻炎 病毒性感染 哮喘 心绞痛 心动过缓 老年人 肾功能不全 腹泻 胃不适 失眠
连花清瘟_236,消化系统药,腹泻 心绞痛,心动过缓 前列腺肥大 孕妇,过敏反应 皮疹 血压升高,消化系统药 腹泻 心绞痛 心动过缓 前列腺肥大 孕妇 过敏反应 皮疹 血压升高
罗红霉素_207,消化系统药,心绞痛 细菌感染 头痛,哮喘患者 前列腺肥大,呕吐 便秘 乏力,消化系统药 心绞痛 细菌感染 头痛 哮喘患者 前列腺肥大 呕吐 便秘 乏力
美托洛尔_212,消化系统药,头痛 支气管炎 过敏性鼻炎,出血倾向 青光眼 哺乳期,头晕 恶心 胃不适 嗜睡,消化系统药 头痛 支气管炎 过敏性鼻炎 出血倾向 青光眼 哺乳期 头晕 恶心 胃不适 嗜睡
乳果糖_295,呼吸系统药,咳嗽 发热 便秘,青霉素过敏 心动过缓 青光眼,心悸 嗜睡,呼吸系统药 咳嗽 发热 便秘 青霉素过敏 心动过缓 青光眼 心悸 嗜睡
卡托普利_457,中成药,心绞痛 发热 胃炎 焦虑 胃酸过多,青霉素过敏,胃不适 乏力 恶心 食欲不振,中成药 心绞痛 发热 胃炎 焦虑 胃酸过多 青霉素过敏 胃不适 乏力 恶心 食欲不振
阿奇霉素_251,呼吸系统药,过敏性鼻炎 炎症 心绞痛 糖尿病,酒精依赖 低血压 哮喘患者,乏力 胃不适 头晕,呼吸系统药 过敏性鼻炎 炎症 心绞痛 糖尿病 酒精依赖 低血压 哮喘患者 乏力 胃不适 头晕
美托洛尔_488,中成药,哮喘 炎症 便秘 失眠 焦虑,肾功能不全,头晕 胃不适,中成药 哮喘 炎症 便秘 失眠 焦虑 肾功能不全 头晕 胃不适
布洛芬_486,中成药,疼痛 胃炎 失眠 咳嗽 过敏性鼻炎,儿童 哮喘患者 胃溃疡,食欲不振 过敏反应 口干 呕吐,中成药 疼痛 胃炎 失眠 咳嗽 过敏性鼻炎 儿童 哮喘患者 胃溃疡 食欲不振 过敏反应 口干 呕吐
布洛芬_303,神经系统药,发热 便秘 高血压 咳嗽,哮喘患者 胃溃疡 心动过缓,乏力 失眠 便秘 过敏反应,神经系统药 发热 便秘 高血压 咳嗽 哮喘患者 胃溃疡 心动过缓 乏力 失眠 便秘 过敏反应
青霉素V钾_350,内分泌药,失眠 疼痛 胃酸过多 心绞痛,心动过缓 青霉素过敏,乏力 胃不适,内分泌药 失眠 疼痛 胃酸过多 心绞痛 心动过缓 青霉素过敏 乏力 胃不适
卡马西平_269,呼吸系统药,哮喘 腹泻 头痛 失眠 便秘,肝功能不全 哺乳期,乏力 胃不适,呼吸系统药 哮喘 腹泻 头痛 失眠 便秘 肝功能不全 哺乳期 乏力 胃不适
奥美拉唑_201,消化系统药,咳嗽 焦虑 高血压 炎症 腹泻,前列腺肥大 青霉素过敏 酒精依赖,血压升高 皮疹,消化系统药 咳嗽 焦虑 高血压 炎症 腹泻 前列腺肥大 青霉素过敏 酒精依赖 血压升高 皮疹
胰岛素_161,心血管药,头痛 胃炎 心绞痛 炎症 疼痛,孕妇,便秘 乏力 食欲不振,心血管药 头痛 胃炎 心绞痛 炎症 疼痛 孕妇 便秘 乏力 食欲不振
利巴韦林,抗生素,哮喘 便秘 糖尿病 支气管炎,肝功能不全,头晕 食欲不振 腹泻,抗生素 哮喘 便秘 糖尿病 支气管炎 肝功能不全 头晕 食欲不振 腹泻
萘普生_217,消化系统药,咳嗽 失眠 哮喘 焦虑 腹泻,儿童 青光眼 孕妇,便秘 乏力,消化系统药 咳嗽 失眠 哮喘 焦虑 腹泻 儿童 青光眼 孕妇 便秘 乏力
连花清瘟_401,抗病毒药,头痛 糖尿病,青霉素过敏 低血压,恶心 失眠 呕吐 食欲不振,抗病毒药 头痛 糖尿病 青霉素过敏 低血压 恶心 失眠 呕吐 食欲不振
茶碱_190,心血管药,胃酸过多 失眠,肾功能不全,恶心 腹泻,心血管药 胃酸过多 失眠 肾功能不全 恶心 腹泻
对乙酰氨基酚_309,神经系统药,心绞痛 便秘,青霉素过敏,皮疹 恶心,神经系统药 心绞痛 便秘 青霉素过敏 皮疹 恶心
沙丁胺醇_259,呼吸系统药,焦虑 胃炎 腹泻 发热,哺乳期 孕妇,便秘 心悸 食欲不振 乏力,呼吸系统药 焦虑 胃炎 腹泻 发热 哺乳期 孕妇 便秘 心悸 食欲不振 乏力
蒙脱石散_105,抗过敏药,胃炎 病毒性感染 过敏性鼻炎 发热 失眠,心动过缓 哺乳期,口干 胃不适 腹泻 心悸,抗过敏药 胃炎 病毒性感染 过敏性鼻炎 发热 失眠 心动过缓 哺乳期 口干 胃不适 腹泻 心悸
整肠生,解热镇痛药,上呼吸道感染 头痛 焦虑,肾功能不全,血压升高 心悸 恶心 过敏反应,解热镇痛药 上呼吸道感染 头痛 焦虑 肾功能不全 血压升高 心悸 恶心 过敏反应
二甲双胍_389,内分泌药,高血压 腹泻 支气管炎 心绞痛 上呼吸道感染,青光眼,过敏反应 呕吐,内分泌药 高血压 腹泻 支气管炎 心绞痛 上呼吸道感染 青光眼 过敏反应 呕吐
头孢克肟,抗生素,炎症 焦虑,青霉素过敏,皮疹 过敏反应,抗生素 炎症 焦虑 青霉素过敏 皮疹 过敏反应
茶碱_441,抗病毒药,糖尿病 哮喘,青霉素过敏 青光眼 孕妇,便秘 头晕 乏力 血压升高,抗病毒药 糖尿病 哮喘 青霉素过敏 青光眼 孕妇 便秘 头晕 乏力 血压升高
连花清瘟_482,中成药,腹泻 上呼吸道感染 过敏性鼻炎,出血倾向 肾功能不全,血压升高 过敏反应 胃不适 嗜睡,中成药 腹泻 上呼吸道感染 过敏性鼻炎 出血倾向 肾功能不全 血压升高 过敏反应 胃不适 嗜睡
复方甘草片,抗生素,胃炎 高血压 焦虑 支气管炎,出血倾向 酒精依赖,皮疹 血压升高 心悸 胃不适,抗生素 胃炎 高血压 焦虑 支气管炎 出血倾向 酒精依赖 皮疹 血压升高 心悸 胃不适
奥司他韦_419,抗病毒药,腹泻 炎症 病毒性感染 哮喘,儿童,嗜睡 血压升高 皮疹 头晕,抗病毒药 腹泻 炎症 病毒性感染 哮喘 儿童 嗜睡 血压升高 皮疹 头晕
乳果糖_80,解热镇痛药,糖尿病 腹泻,心动过缓,便秘 恶心 头晕 乏力,解热镇痛药 糖尿病 腹泻 心动过缓 便秘 恶心 头晕 乏力
利巴韦林_205,消化系统药,糖尿病 哮喘 咳嗽 胃炎 细菌感染,前列腺肥大 肝功能不全,过敏反应 心悸 便秘,消化系统药 糖尿病 哮喘 咳嗽 胃炎 细菌感染 前列腺肥大 肝功能不全 过敏反应 心悸 便秘
苯巴比妥,抗生素,病毒性感染 胃炎,肝功能不全 肾功能不全 哺乳期,过敏反应 呕吐,抗生素 病毒性感染 胃炎 肝功能不全 肾功能不全 哺乳期 过敏反应 呕吐
利巴韦林_263,呼吸系统药,失眠 高血压,儿童 哺乳期,呕吐 失眠 乏力 口干,呼吸系统药 失眠 高血压 儿童 哺乳期 呕吐 失眠 乏力 口干
黄连素_427,抗病毒药,病毒性感染 发热 心绞痛 胃酸过多,胃溃疡 出血倾向,口干 过敏反应 嗜睡 恶心,抗病毒药 病毒性感染 发热 心绞痛 胃酸过多 胃溃疡 出血倾向 口干 过敏反应 嗜睡 恶心
格列美脲_366,内分泌药,心绞痛 疼痛 高血压,青光眼 胃溃疡,恶心 失眠 乏力 便秘,内分泌药 心绞痛 疼痛 高血压 青光眼 胃溃疡 恶心 失眠 乏力 便秘
卡托普利_91,解热镇痛药,头痛 糖尿病 便秘 上呼吸道感染,老年人 低血压 出血倾向,恶心 皮疹 血压升高,解热镇痛药 头痛 糖尿病 便秘 上呼吸道感染 老年人 低血压 出血倾向 恶心 皮疹 血压升高
酮替芬_339,神经系统药,腹泻 咳嗽,前列腺肥大 肝功能不全,嗜睡 过敏反应,神经系统药 腹泻 咳嗽 前列腺肥大 肝功能不全 嗜睡 过敏反应
阿普唑仑_473,中成药,哮喘 高血压 胃酸过多 过敏性鼻炎,青光眼 孕妇 出血倾向,皮疹 过敏反应 胃不适 失眠,中成药 哮喘 高血压 胃酸过多 过敏性鼻炎 青光眼 孕妇 出血倾向 皮疹 过敏反应 胃不适 失眠
乳果糖,解热镇痛药,失眠 焦虑,心动过缓 孕妇 前列腺肥大,口干 心悸 过敏反应 皮疹,解热镇痛药 失眠 焦虑 心动过缓 孕妇 前列腺肥大 口干 心悸 过敏反应 皮疹
阿昔洛韦_345,神经系统药,疼痛 焦虑 过敏性鼻炎,肝功能不全,皮疹 过敏反应 口干,神经系统药 疼痛 焦虑 过敏性鼻炎 肝功能不全 皮疹 过敏反应 口干
利巴韦林_264,呼吸系统药,咳嗽 胃炎 心绞痛 胃酸过多 疼痛,胃溃疡 儿童 酒精依赖,心悸 食欲不振,呼吸系统药 咳嗽 胃炎 心绞痛 胃酸过多 疼痛 胃溃疡 儿童 酒精依赖 心悸 食欲不振
艾司西酞普兰_241,消化系统药,过敏性鼻炎 哮喘 疼痛 咳嗽 腹泻,酒精依赖,便秘 恶心 血压升高 失眠,消化系统药 过敏性鼻炎 哮喘 疼痛 咳嗽 腹泻 酒精依赖 便秘 恶心 血压升高 失眠
扑尔敏,抗生素,病毒性感染 上呼吸道感染 头痛 胃酸过多,哮喘患者 肝功能不全 哺乳期,头晕 心悸 恶心,抗生素 病毒性感染 上呼吸道感染 头痛 胃酸过多 哮喘患者 肝功能不全 哺乳期 头晕 心悸 恶心
雷贝拉唑_315,神经系统药,糖尿病 胃炎,孕妇,皮疹 口干 心悸 恶心,神经系统药 糖尿病 胃炎 孕妇 皮疹 口干 心悸 恶心
格列美脲_88,解热镇痛药,胃酸过多 炎症,儿童,心悸 血压升高,解热镇痛药 胃酸过多 炎症 儿童 心悸 血压升高
美托洛尔_387,内分泌药,焦虑 头痛 便秘,心动过缓 肝功能不全 哺乳期,乏力 呕吐,内分泌药 焦虑 头痛 便秘 心动过缓 肝功能不全 哺乳期 乏力 呕吐
蒲地蓝_273,呼吸系统药,炎症 头痛,肾功能不全 哮喘患者 老年人,心悸 呕吐,呼吸系统药 炎症 头痛 肾功能不全 哮喘患者 老年人 心悸 呕吐
苯巴比妥_166,心血管药,过敏性鼻炎 失眠 腹泻 疼痛,肝功能不全,乏力 心悸 恶心 腹泻,心血管药 过敏性鼻炎 失眠 腹泻 疼痛 肝功能不全 乏力 心悸 恶心 腹泻
铝碳酸镁_328,神经系统药,焦虑 高血压 便秘,青光眼,乏力 恶心 口干 胃不适,神经系统药 焦虑 高血压 便秘 青光眼 乏力 恶心 口干 胃不适
更昔洛韦_492,中成药,支气管炎 腹泻 失眠 胃酸过多,出血倾向 肾功能不全 前列腺肥大,头晕 食欲不振 失眠 心悸,中成药 支气管炎 腹泻 失眠 胃酸过多 出血倾向 肾功能不全 前列腺肥大 头晕 食欲不振 失眠 心悸
布地奈德_134,抗过敏药,腹泻 失眠 焦虑 胃酸过多 高血压,肝功能不全 哮喘患者 胃溃疡,腹泻 便秘,抗过敏药 腹泻 失眠 焦虑 胃酸过多 高血压 肝功能不全 哮喘患者 胃溃疡 腹泻 便秘
氯雷他定_306,神经系统药,哮喘 便秘 炎症 胃酸过多 过敏性鼻炎,肾功能不全 前列腺肥大,胃不适 呕吐 乏力,神经系统药 哮喘 便秘 炎症 胃酸过多 过敏性鼻炎 肾功能不全 前列腺肥大 胃不适 呕吐 乏力
蒲地蓝_480,中成药,哮喘 糖尿病 胃酸过多 失眠,心动过缓,食欲不振 便秘,中成药 哮喘 糖尿病 胃酸过多 失眠 心动过缓 食欲不振 便秘
复方甘草片_319,神经系统药,咳嗽 头痛,出血倾向,嗜睡 口干 呕吐,神经系统药 咳嗽 头痛 出血倾向 嗜睡 口干 呕吐
阿莫西林_243,消化系统药,便秘 失眠 哮喘,心动过缓,便秘 食欲不振 心悸 过敏反应,消化系统药 便秘 失眠 哮喘 心动过缓 便秘 食欲不振 心悸 过敏反应
双歧杆菌,解热镇痛药,头痛 失眠 咳嗽,青光眼 低血压,食欲不振 嗜睡 乏力 心悸,解热镇痛药 头痛 失眠 咳嗽 青光眼 低血压 食欲不振 嗜睡 乏力 心悸
茶碱_363,内分泌药,哮喘 高血压,哮喘患者 老年人,血压升高 口干 便秘,内分泌药 哮喘 高血压 哮喘患者 老年人 血压升高 口干 便秘
黄连素,解热镇痛药,发热 胃炎 便秘,青光眼 心动过缓 哮喘患者,失眠 乏力,解热镇痛药 发热 胃炎 便秘 青光眼 心动过缓 哮喘患者 失眠 乏力
沙丁胺醇_456,中成药,腹泻 糖尿病 哮喘,儿童 前列腺肥大 酒精依赖,食欲不振 呕吐 口干 头晕,中成药 腹泻 糖尿病 哮喘 儿童 前列腺肥大 酒精依赖 食欲不振 呕吐 口干 头晕
硝苯地平_174,心血管药,哮喘 糖尿病 细菌感染 咳嗽,出血倾向 哮喘患者 老年人,乏力 呕吐 食欲不振,心血管药 哮喘 糖尿病 细菌感染 咳嗽 出血倾向 哮喘患者 老年人 乏力 呕吐 食欲不振
阿卡波糖_445,抗病毒药,便秘 胃酸过多,酒精依赖 孕妇,口干 嗜睡 失眠 心悸,抗病毒药 便秘 胃酸过多 酒精依赖 孕妇 口干 嗜睡 失眠 心悸
塞来昔布_189,心血管药,支气管炎 哮喘 糖尿病 咳嗽,低血压 酒精依赖,嗜睡 皮疹,心血管药 支气管炎 哮喘 糖尿病 咳嗽 低血压 酒精依赖 嗜睡 皮疹
沙丁胺醇_496,中成药,心绞痛 过敏性鼻炎 糖尿病 病毒性感染 疼痛,肝功能不全 胃溃疡,皮疹 血压升高 乏力 食欲不振,中成药 心绞痛 过敏性鼻炎 糖尿病 病毒性感染 疼痛 肝功能不全 胃溃疡 皮疹 血压升高 乏力 食欲不振
吡格列酮_187,心血管药,腹泻 病毒性感染,青光眼 哺乳期,皮疹 乏力 失眠,心血管药 腹泻 病毒性感染 青光眼 哺乳期 皮疹 乏力 失眠
雷贝拉唑_169,心血管药,头痛 哮喘 焦虑 糖尿病,出血倾向 胃溃疡 哮喘患者,心悸 胃不适,心血管药 头痛 哮喘 焦虑 糖尿病 出血倾向 胃溃疡 哮喘患者 心悸 胃不适
右美沙芬_58,解热镇痛药,高血压 焦虑,酒精依赖 儿童,胃不适 恶心 乏力 食欲不振,解热镇痛药 高血压 焦虑 酒精依赖 儿童 胃不适 恶心 乏力 食欲不振
蒲地蓝,抗生素,高血压 焦虑 糖尿病,前列腺肥大 肾功能不全 心动过缓,腹泻 口干 血压升高 恶心,抗生素 高血压 焦虑 糖尿病 前列腺肥大 肾功能不全 心动过缓 腹泻 口干 血压升高 恶心
铝碳酸镁_344,神经系统药,发热 病毒性感染 疼痛,心动过缓 酒精依赖,胃不适 恶心 口干,神经系统药 发热 病毒性感染 疼痛 心动过缓 酒精依赖 胃不适 恶心 口干
蒙脱石散_235,消化系统药,腹泻 高血压 支气管炎,酒精依赖 青霉素过敏,过敏反应 皮疹,消化系统药 腹泻 高血压 支气管炎 酒精依赖 青霉素过敏 过敏反应 皮疹
黄连素_252,呼吸系统药,便秘 哮喘,肝功能不全,皮疹 失眠 呕吐,呼吸系统药 便秘 哮喘 肝功能不全 皮疹 失眠 呕吐
雷贝拉唑,抗生素,腹泻 高血压 病毒性感染 咳嗽,酒精依赖 心动过缓 老年人,皮疹 乏力 心悸,抗生素 腹泻 高血压 病毒性感染 咳嗽 酒精依赖 心动过缓 老年人 皮疹 乏力 心悸
氨氯地平_313,神经系统药,疼痛 心绞痛 失眠 哮喘,出血倾向 儿童 老年人,胃不适 血压升高,神经系统药 疼痛 心绞痛 失眠 哮喘 出血倾向 儿童 老年人 胃不适 血压升高
对乙酰氨基酚_459,中成药,焦虑 炎症 胃酸过多,老年人 低血压,食欲不振 嗜睡 过敏反应,中成药 焦虑 炎症 胃酸过多 老年人 低血压 食欲不振 嗜睡 过敏反应
阿普唑仑_160,心血管药,疼痛 上呼吸道感染 发热 炎症 胃酸过多,老年人,血压升高 胃不适,心血管药 疼痛 上呼吸道感染 发热 炎症 胃酸过多 老年人 血压升高 胃不适
恩替卡韦_276,呼吸系统药,便秘 糖尿病 焦虑,肾功能不全 心动过缓 胃溃疡,头晕 心悸 便秘,呼吸系统药 便秘 糖尿病 焦虑 肾功能不全 心动过缓 胃溃疡 头晕 心悸 便秘
莫沙必利_443,抗病毒药,细菌感染 高血压 便秘,胃溃疡 出血倾向,过敏反应 恶心 失眠,抗病毒药 细菌感染 高血压 便秘 胃溃疡 出血倾向 过敏反应 恶心 失眠
铝碳酸镁_191,心血管药,心绞痛 过敏性鼻炎 支气管炎 病毒性感染 高血压,出血倾向,心悸 过敏反应 腹泻 失眠,心血管药 心绞痛 过敏性鼻炎 支气管炎 病毒性感染 高血压 出血倾向 心悸 过敏反应 腹泻 失眠
青霉素V钾_385,内分泌药,胃酸过多 病毒性感染 细菌感染 炎症 头痛,老年人 青霉素过敏 酒精依赖,呕吐 口干 心悸 失眠,内分泌药 胃酸过多 病毒性感染 细菌感染 炎症 头痛 老年人 青霉素过敏 酒精依赖 呕吐 口干 心悸 失眠
阿莫西林_293,呼吸系统药,支气管炎 头痛,前列腺肥大 肾功能不全,呕吐 皮疹 口干,呼吸系统药 支气管炎 头痛 前列腺肥大 肾功能不全 呕吐 皮疹 口干
卡托普利_413,抗病毒药,细菌感染 胃炎 高血压,青霉素过敏 哮喘患者 出血倾向,食欲不振 失眠,抗病毒药 细菌感染 胃炎 高血压 青霉素过敏 哮喘患者 出血倾向 食欲不振 失眠
阿奇霉素_343,神经系统药,胃炎 上呼吸道感染,哺乳期 肝功能不全,嗜睡 头晕,神经系统药 胃炎 上呼吸道感染 哺乳期 肝功能不全 嗜睡 头晕
布洛芬_257,呼吸系统药,糖尿病 上呼吸道感染 胃炎 焦虑,儿童 肝功能不全,过敏反应 血压升高 皮疹 食欲不振,呼吸系统药 糖尿病 上呼吸道感染 胃炎 焦虑 儿童 肝功能不全 过敏反应 血压升高 皮疹 食欲不振
莫沙必利_308,神经系统药,腹泻 炎症,哮喘患者,腹泻 乏力,神经系统药 腹泻 炎症 哮喘患者 腹泻 乏力
布洛芬_149,抗过敏药,哮喘 胃炎 糖尿病,心动过缓,呕吐 腹泻 血压升高 口干,抗过敏药 哮喘 胃炎 糖尿病 心动过缓 呕吐 腹泻 血压升高 口干
多潘立酮_130,抗过敏药,头痛 胃酸过多 心绞痛 焦虑,儿童 老年人 心动过缓,便秘 过敏反应 血压升高 恶心,抗过敏药 头痛 胃酸过多 心绞痛 焦虑 儿童 老年人 心动过缓 便秘 过敏反应 血压升高 恶心
复方甘草片_151,心血管药,高血压 心绞痛 咳嗽 病毒性感染 发热,老年人 儿童,血压升高 乏力,心血管药 高血压 心绞痛 咳嗽 病毒性感染 发热 老年人 儿童 血压升高 乏力
黄连素_359,内分泌药,胃炎 胃酸过多 腹泻 头痛,肾功能不全,胃不适 心悸 乏力,内分泌药 胃炎 胃酸过多 腹泻 头痛 肾功能不全 胃不适 心悸 乏力
萘普生_99,解热镇痛药,头痛 失眠 疼痛 便秘,青霉素过敏 前列腺肥大,口干 失眠,解热镇痛药 头痛 失眠 疼痛 便秘 青霉素过敏 前列腺肥大 口干 失眠
阿卡波糖_372,内分泌药,支气管炎 心绞痛 病毒性感染,儿童 出血倾向 青光眼,血压升高 腹泻 头晕,内分泌药 支气管炎 心绞痛 病毒性感染 儿童 出血倾向 青光眼 血压升高 腹泻 头晕
佐匹克隆_87,解热镇痛药,失眠 发热 细菌感染 焦虑 支气管炎,哺乳期 青霉素过敏 肝功能不全,便秘 失眠,解热镇痛药 失眠 发热 细菌感染 焦虑 支气管炎 哺乳期 青霉素过敏 肝功能不全 便秘 失眠
卡马西平_458,中成药,便秘 上呼吸道感染,青光眼 孕妇,乏力 嗜睡 口干 失眠,中成药 便秘 上呼吸道感染 青光眼 孕妇 乏力 嗜睡 口干 失眠
酮替芬_330,神经系统药,胃酸过多 细菌感染,低血压 哮喘患者,皮疹 头晕 呕吐 过敏反应,神经系统药 胃酸过多 细菌感染 低血压 哮喘患者 皮疹 头晕 呕吐 过敏反应
对乙酰氨基酚_214,消化系统药,咳嗽 腹泻 支气管炎,青霉素过敏,口干 皮疹 心悸,消化系统药 咳嗽 腹泻 支气管炎 青霉素过敏 口干 皮疹 心悸
阿莫西林_466,中成药,发热 胃酸过多 糖尿病,青光眼 胃溃疡,食欲不振 皮疹 血压升高,中成药 发热 胃酸过多 糖尿病 青光眼 胃溃疡 食欲不振 皮疹 血压升高
头孢克肟_121,抗过敏药,胃酸过多 细菌感染 咳嗽,胃溃疡 低血压 肝功能不全,呕吐 心悸 失眠 嗜睡,抗过敏药 胃酸过多 细菌感染 咳嗽 胃溃疡 低血压 肝功能不全 呕吐 心悸 失眠 嗜睡
塞来昔布_499,中成药,病毒性感染 上呼吸道感染,肝功能不全,腹泻 头晕 胃不适,中成药 病毒性感染 上呼吸道感染 肝功能不全 腹泻 头晕 胃不适
奥美拉唑,抗生素,心绞痛 发热,老年人,呕吐 血压升高 皮疹,抗生素 心绞痛 发热 老年人 呕吐 血压升高 皮疹
利巴韦林_188,心血管药,胃炎 失眠 发热 细菌感染 过敏性鼻炎,胃溃疡 出血倾向,皮疹 嗜睡 食欲不振,心血管药 胃炎 失眠 发热 细菌感染 过敏性鼻炎 胃溃疡 出血倾向 皮疹 嗜睡 食欲不振
乳果糖_71,解热镇痛药,支气管炎 心绞痛 发热 胃酸过多,孕妇 儿童,食欲不振 过敏反应 便秘,解热镇痛药 支气管炎 心绞痛 发热 胃酸过多 孕妇 儿童 食欲不振 过敏反应 便秘
双歧杆菌_106,抗过敏药,高血压 糖尿病 腹泻 头痛,胃溃疡,嗜睡 食欲不振 腹泻 胃不适,抗过敏药 高血压 糖尿病 腹泻 头痛 胃溃疡 嗜睡 食欲不振 腹泻 胃不适
双氯芬酸_270,呼吸系统药,支气管炎 头痛,儿童 肾功能不全 前列腺肥大,血压升高 头晕,呼吸系统药 支气管炎 头痛 儿童 肾功能不全 前列腺肥大 血压升高 头晕
扑尔敏_348,神经系统药,胃炎 发热 腹泻,哺乳期,心悸 过敏反应 便秘,神经系统药 胃炎 发热 腹泻 哺乳期 心悸 过敏反应 便秘
板蓝根_435,抗病毒药,支气管炎 哮喘 咳嗽 心绞痛 头痛,心动过缓 肝功能不全,嗜睡 心悸,抗病毒药 支气管炎 哮喘 咳嗽 心绞痛 头痛 心动过缓 肝功能不全 嗜睡 心悸
布洛芬_102,抗过敏药,头痛 疼痛 失眠 过敏性鼻炎 胃炎,青霉素过敏,乏力 恶心 腹泻,抗过敏药 头痛 疼痛 失眠 过敏性鼻炎 胃炎 青霉素过敏 乏力 恶心 腹泻
