epoch,loss,dice_loss,bce_loss,val_dice,val_iou,val_recall,val_precision
1,0.9399330369555033,0.9401164140838844,0.9395051466730925,0.08911892629629099,0.04736421932652281,0.9799336017712826,0.04741166442059953
2,0.8741770249146682,0.9223290842313033,0.7618222173589927,0.09504987017849449,0.05070907448159558,0.9833599431622431,0.05074400227111357
3,0.8263574076386598,0.9004967069396606,0.6533657169112792,0.14209072414643065,0.07852474374013131,0.961054807685652,0.07876444666012286
4,0.7941205822504483,0.8786193556510485,0.5969567869145137,0.1569873333082835,0.08748266582296951,0.8650211448763725,0.08875846148823613
5,0.7703464191693526,0.856727989247212,0.5687894185002034,0.18200448710565603,0.1032423885664864,0.8771354986886376,0.10454676610659691
6,0.7557332189037249,0.8418255763558241,0.5548510571511892,0.17853815432543582,0.10115612773787486,0.9055001685009946,0.10218460452847111
7,0.7430963894495597,0.8283854321791575,0.544088636453335,0.17495425924878036,0.09879795965997933,0.9011626249698339,0.09969431205957302
8,0.732709870315515,0.817730287519785,0.5343288836570886,0.19631990891166728,0.11235269425828624,0.8937225283554671,0.1138347409876555
9,0.7208378194616392,0.8038129995648677,0.527229077827472,0.20923535017746286,0.12131857659381179,0.8759149661978114,0.1233457305925618
10,0.7135542092415003,0.7967715057042929,0.5193805210292339,0.23254736894457026,0.13667944420500405,0.83984075170124,0.1397662540836262
11,0.7048338680313184,0.7878323054084411,0.5111708555084008,0.21629777497281738,0.1254845555269881,0.9065426846992716,0.12698046226100845
12,0.6938440788250703,0.7758435572569187,0.5025119850268731,0.18641459268405117,0.1058899165170403,0.9430912689514462,0.10652704620614205
13,0.6879877499662913,0.7725265868581258,0.490730470762803,0.24697335823707564,0.14648668057545106,0.8688379791455892,0.15008771490109032
14,0.6735627960700256,0.7549785438638467,0.48359273775265765,0.2888576183487056,0.17582208747863687,0.7947005491946774,0.18494974370914105
15,0.6688968132321651,0.748432780114504,0.4833128982438491,0.24651108034305558,0.14600609578991264,0.9012300492428282,0.14817179079830872
16,0.6609305498691705,0.7402781958763416,0.4757860471995977,0.19896728088824198,0.11409019255789683,0.943298244326673,0.11478772634876287
17,0.6553140156544172,0.7352523752129995,0.46879118050520235,0.32629445225094694,0.2042216952540284,0.6918726766328803,0.22424512246769038
18,0.6496211943718103,0.7285534573289064,0.46544592970838916,0.26445714980536855,0.15880565694229515,0.8812200541357319,0.1620295369481851
19,0.6434232644163645,0.7236258668395189,0.45628385432064533,0.3176532711983041,0.19727428838470773,0.773543658383964,0.2095190050274139
20,0.6336035888928634,0.70873706558576,0.4582921563146206,0.31344169862658455,0.19448676956780325,0.7685789593074763,0.20659822393296481
21,0.6295492821014844,0.7081008249750504,0.44626235417448556,0.31344317669427785,0.19368675548686684,0.7877511966658881,0.20534809957262903
22,0.6217459262563632,0.695512973345243,0.44962282192248565,0.308310650869207,0.19017261018965448,0.8049355067947195,0.19926901465227695
23,0.6141409856768755,0.68816432929956,0.44141987080757433,0.3018335577087423,0.18528612159089186,0.8144752139010742,0.19355497674040995
24,0.6102791795363793,0.681079310293381,0.4450788861857011,0.3188081295560188,0.1980981658316113,0.7889059016427875,0.2092743589077737
25,0.605639704144918,0.6790326421077435,0.4343895141321879,0.32772801207754104,0.2049478076192538,0.7635379904354845,0.21913319722676472
26,0.5974912070311033,0.6681196208183582,0.4326915768190072,0.29621554619538765,0.18101216129124809,0.7998684437618763,0.18980681307106784
27,0.5914317547128751,0.6615486374268165,0.4278256960499745,0.3534158779285138,0.22425451618931153,0.7168016397897831,0.24723241856393985
28,0.5850116725151355,0.6532472836283537,0.4257952361725844,0.312905722468366,0.19368995507469097,0.7958259134380137,0.20404754036554149
29,0.5810396442046533,0.6493614081006783,0.4216221972153737,0.33996901287402803,0.21403337605977255,0.7530478387221865,0.2311311064549023
30,0.5733367817906233,0.6399654946648158,0.4178697905288293,0.35256221524960424,0.22378221893685604,0.7177653918869183,0.24644087566219747
31,0.5697294439260776,0.6372852480182281,0.4120992429267902,0.3234139286563509,0.20089642043433328,0.7898191767483204,0.2126813941176729
32,0.5644618255587724,0.6292048469185829,0.41339478670404506,0.3429960417958908,0.21677517559440285,0.7504420782546775,0.23362328348280856
33,0.558943355599275,0.6233452438161924,0.4086723035344711,0.31546005019532114,0.19551136375012998,0.7965792766058563,0.205754567859642
34,0.5484874225579776,0.6086327095444386,0.4081484175358827,0.3219840438550126,0.20009537266327826,0.7868275919145249,0.21185565720331542
35,0.5458596142438742,0.6085150448175577,0.3996636171180468,0.3283636542206231,0.20482449670314135,0.7739257120241277,0.2181956503036603
36,0.5388185697106215,0.6011868824179356,0.3932925065836081,0.36150979173598363,0.2303806383872538,0.657907052670961,0.26341973496740884
37,0.5348092733094325,0.5936846778942988,0.39743333725401986,0.36679281632566746,0.23436356811488276,0.6598925898962484,0.26851072273005017
38,0.5251952306582377,0.583403389614362,0.3893762005922886,0.359817280175419,0.22931775653077902,0.6789765847261492,0.2580095379257035
39,0.5194704357821208,0.5756993236450049,0.3882697013994822,0.36435819779169476,0.23262201397057589,0.6784227259214518,0.2629151197793242
40,0.5175498056297119,0.5749605063062447,0.3835915093525098,0.3699195796757946,0.23746960760904018,0.6645085145072733,0.2705195043538089
41,0.5090003626850935,0.5621943823420085,0.38488099007652354,0.3563403845247591,0.2264066659065432,0.7047310541874506,0.2509482538650985
42,0.5006293236063077,0.5533075768214005,0.3777134015869636,0.3495805184517174,0.22129552231403507,0.7189289998456619,0.24291161775777154
43,0.49936359604963887,0.5516554031234521,0.3773493885707397,0.3422190539061935,0.21525114334057233,0.7267913681169964,0.23453790810186517
44,0.4939251524897722,0.5471877604722977,0.36964573338627815,0.36588849534348517,0.23369962292942495,0.6684478073446999,0.2661120142744712
45,0.48766588878173095,0.5370868685153815,0.37235027795227676,0.35895898878382754,0.22844133083092102,0.6803006340844988,0.25717207792254415
41,0.5145401120758973,0.5693571917139567,0.38663359430546945,0.34192372140700283,0.21558056411587165,0.7315217924754861,0.2340495092514377
42,0.5067430571294748,0.5608069346501277,0.380594007527599,0.3503322977241921,0.2219598934254634,0.6970244809326106,0.24581121503244785
43,0.502146671884335,0.5563802805084449,0.37560157750088435,0.37173259852045704,0.23798759848038734,0.6439096510006105,0.2763664194480715
44,0.49182089045643806,0.54389277444436,0.3703198362714969,0.365350850440296,0.23324808544152578,0.64575730511084,0.26880350970715355
45,0.48634073310173476,0.5358092658794843,0.37091416263809573,0.3790427528899484,0.24408651789960648,0.623682570939092,0.28790096027686457
46,0.48452315479516983,0.5345921155351859,0.36769558245745987,0.371217245544755,0.23808483069739192,0.653025404473941,0.2735527102858557
47,0.4775698474393441,0.525559045947515,0.36559504743378896,0.3593201639509653,0.2289938630593528,0.6923358715322031,0.25536994963513765
48,0.4757397544498627,0.5241107505101424,0.36287411058751434,0.3849649878986286,0.24870591872613518,0.5877722010615175,0.3040213644082662
49,0.47226656486208624,0.5186260525996869,0.36409442527936053,0.3619818649035697,0.23102243733908898,0.6631652080962832,0.26239044644550275
50,0.4666131224769812,0.5129103276592034,0.35858631506562233,0.3655278197038179,0.23352102381072443,0.6519031317961935,0.26767142008744177
51,0.46129871962162167,0.5069479369200193,0.3547838848943894,0.3638332083825346,0.23194365166020664,0.6590347951891664,0.26472035662789545
52,0.4562025669102485,0.50023447149075,0.3534614618581075,0.3658771232053258,0.23415658010231413,0.6686593938027892,0.26533762848273146
53,0.4526116277735967,0.49608254031493115,0.3511795110713977,0.377975166178511,0.24332164074593554,0.6091602235554239,0.2894156255700473
54,0.4477778753409019,0.49108609901024747,0.3467253621381063,0.38319986686734436,0.2470978709679833,0.559679967150099,0.30970941881878505
55,0.44617414847016335,0.4879930873329823,0.34859662861205065,0.3675556946776082,0.23455476115779936,0.6269809962670312,0.2741368593679288
56,0.4423484621712795,0.48334874098117536,0.3466811440885067,0.36561939797176557,0.23332804528356935,0.6473984907536389,0.2682122661622015
57,0.437142939808277,0.47883685105122054,0.3398571577496253,0.38060249875624147,0.24490522431128203,0.5459383012094554,0.3109269438993403
58,0.4351121304700008,0.4753183676646306,0.34129757892626983,0.382226278719656,0.24680261100045245,0.5790066122401083,0.30245837105629336
59,0.43032977214226353,0.46873624278948856,0.34071467344004375,0.3785566960164087,0.24357522258748793,0.5781429167129672,0.2986401530512871
60,0.42979890308701074,0.46877260506153107,0.3388602725015237,0.3774084706219221,0.24280853418520681,0.5826731291936096,0.29562144582783456
61,0.42504978896333623,0.46292001467484695,0.3366859383307971,0.37940877396819633,0.24410508518288299,0.5702927602732327,0.3015919836442705
62,0.42158579625762427,0.4585661951165933,0.33529820436468494,0.37949101229861415,0.243964507953392,0.5676868156410135,0.3025965861811521
63,0.4233095333553277,0.46038198241820705,0.3368071558383795,0.3836357735177513,0.24742946117328204,0.5542718195713192,0.3118748387169955
64,0.41752007976174355,0.4545192626806406,0.3311886682819862,0.37430099313901544,0.24016726573043845,0.6076088168025496,0.2858723523335578
65,0.4136871119531301,0.4481815334696036,0.33320013304742485,0.37415454983326674,0.23974728185831454,0.5829367324747315,0.2914878250280785
66,0.41595063329889226,0.45236611652832764,0.3309811825075975,0.3733439976944625,0.23908102165272743,0.6002651127844779,0.2871055941140662
67,0.4126932411812819,0.4488607696615733,0.3283023424446583,0.3813929912442032,0.2455106038773202,0.561309936765865,0.3069448822614815
68,0.41505583547628844,0.4516706117070638,0.3296213588462426,0.37986442927712055,0.24416524269792594,0.5485543296462229,0.3091151997768433
69,0.40763041061850697,0.4417358613931216,0.3280510332148809,0.3792655357655181,0.24377390728178674,0.571257482444538,0.3008932298810731
70,0.4070146940648556,0.4408281657558221,0.3281165944555631,0.37520137287636407,0.24064644746510766,0.5920555766200791,0.2906758312607235
71,0.4086360948590132,0.4435390274112041,0.32719592262919134,0.3782500169886143,0.24299192176798182,0.5689029177109933,0.3004241550723469
72,0.4078162590471598,0.44369170986689055,0.32410688368746865,0.37674871039464286,0.2419912210639781,0.5814237289359094,0.29544822518216873
73,0.4019118332518981,0.43465675700169343,0.32550702115090996,0.3782692010043707,0.24298162354423256,0.5617166115680459,0.30264247712228337
74,0.4046977967596971,0.43869422204219377,0.3253728045293918,0.37942615766949445,0.24379600143082675,0.5495827116280935,0.30786988377178526
75,0.40379360432808215,0.4369597790332941,0.3264058712296761,0.3767987809749179,0.24171908620546415,0.5696174013037638,0.29857372574042795
76,0.4047524229838298,0.43897988819158995,0.324888340698985,0.3766637113444719,0.24171633093722253,0.5717806772419229,0.2978410407176417
77,0.40260496047826916,0.4367176065078148,0.32300879491063267,0.3792019374451284,0.24368533580781085,0.5585762120459367,0.30482655155022603
78,0.40311333565757823,0.4369792496928802,0.3240928757362641,0.37791063136097275,0.24261426277420844,0.5631271854419695,0.3018666423500003
79,0.4007360700231332,0.4335627383910693,0.32414051345907724,0.3788365357533759,0.24338301224616138,0.5519524100092975,0.3065034207173085
80,0.402014361264614,0.4360542944990672,0.3225878600317698,0.37740509456180676,0.24232088295345225,0.5646850264872368,0.30079398177556127
