case_id,series_path,series_name,mask_path,mask_voxel_count,positive_slice_count,depth,height,width
CQ500-CT-0,/media/qiqi/P7000Z/WorkStation/medical/CT_Junior/CQ500/CQ500CT0 CQ500CT0/Unknown Study/CT Plain,CT Plain,/media/qiqi/P7000Z/WorkStation/medical/CT_Junior/CT artifact annotation/output_quickcheck/CQ500-CT-0/artifact_mask.nii.gz,88376,28,30,512,512
CQ500-CT-1,/media/qiqi/P7000Z/WorkStation/medical/CT_Junior/CQ500/CQ500CT1 CQ500CT1/Unknown Study/CT 2.55mm,CT 2.55mm,/media/qiqi/P7000Z/WorkStation/medical/CT_Junior/CT artifact annotation/output_quickcheck/CQ500-CT-1/artifact_mask.nii.gz,33623,31,36,512,512
CQ500-CT-2,/media/qiqi/P7000Z/WorkStation/medical/CT_Junior/CQ500/CQ500CT2 CQ500CT2/Unknown Study/CT 0.625mm,CT 0.625mm,/media/qiqi/P7000Z/WorkStation/medical/CT_Junior/CT artifact annotation/output_quickcheck/CQ500-CT-2/artifact_mask.nii.gz,2218636,249,256,512,512
CQ500-CT-3,/media/qiqi/P7000Z/WorkStation/medical/CT_Junior/CQ500/CQ500CT3 CQ500CT3/Unknown Study/CT Plain,CT Plain,/media/qiqi/P7000Z/WorkStation/medical/CT_Junior/CT artifact annotation/output_quickcheck/CQ500-CT-3/artifact_mask.nii.gz,98514,27,30,512,512
CQ500-CT-4,/media/qiqi/P7000Z/WorkStation/medical/CT_Junior/CQ500/CQ500CT4 CQ500CT4/Unknown Study/CT 0.625mm,CT 0.625mm,/media/qiqi/P7000Z/WorkStation/medical/CT_Junior/CT artifact annotation/output_quickcheck/CQ500-CT-4/artifact_mask.nii.gz,2201773,268,288,512,512
CQ500-CT-5,/media/qiqi/P7000Z/WorkStation/medical/CT_Junior/CQ500/CQ500CT5 CQ500CT5/Unknown Study/CT Plain 3mm,CT Plain 3mm,/media/qiqi/P7000Z/WorkStation/medical/CT_Junior/CT artifact annotation/output_quickcheck/CQ500-CT-5/artifact_mask.nii.gz,422269,52,53,512,512
CQ500-CT-6,/media/qiqi/P7000Z/WorkStation/medical/CT_Junior/CQ500/CQ500CT6 CQ500CT6/Unknown Study/CT Thin Plain,CT Thin Plain,/media/qiqi/P7000Z/WorkStation/medical/CT_Junior/CT artifact annotation/output_quickcheck/CQ500-CT-6/artifact_mask.nii.gz,2816536,581,584,512,512
CQ500-CT-7,/media/qiqi/P7000Z/WorkStation/medical/CT_Junior/CQ500/CQ500CT7 CQ500CT7/Unknown Study/CT Plain,CT Plain,/media/qiqi/P7000Z/WorkStation/medical/CT_Junior/CT artifact annotation/output_quickcheck/CQ500-CT-7/artifact_mask.nii.gz,140469,30,32,512,512
CQ500-CT-8,/media/qiqi/P7000Z/WorkStation/medical/CT_Junior/CQ500/CQ500CT8 CQ500CT8/Unknown Study/CT PLAIN THIN,CT PLAIN THIN,/media/qiqi/P7000Z/WorkStation/medical/CT_Junior/CT artifact annotation/output_quickcheck/CQ500-CT-8/artifact_mask.nii.gz,2944632,327,350,512,512
CQ500-CT-9,/media/qiqi/P7000Z/WorkStation/medical/CT_Junior/CQ500/CQ500CT9 CQ500CT9/Unknown Study/CT Thin Plain,CT Thin Plain,/media/qiqi/P7000Z/WorkStation/medical/CT_Junior/CT artifact annotation/output_quickcheck/CQ500-CT-9/artifact_mask.nii.gz,2436575,282,288,512,512
CQ500-CT-10,/media/qiqi/P7000Z/WorkStation/medical/CT_Junior/CQ500/CQ500CT10 CQ500CT10/Unknown Study/CT PLAIN THIN,CT PLAIN THIN,/media/qiqi/P7000Z/WorkStation/medical/CT_Junior/CT artifact annotation/output_quickcheck/CQ500-CT-10/artifact_mask.nii.gz,2085433,216,224,512,512
CQ500-CT-11,/media/qiqi/P7000Z/WorkStation/medical/CT_Junior/CQ500/CQ500CT11 CQ500CT11/Unknown Study/CT Thin Plain,CT Thin Plain,/media/qiqi/P7000Z/WorkStation/medical/CT_Junior/CT artifact annotation/output_quickcheck/CQ500-CT-11/artifact_mask.nii.gz,683666,232,256,512,512
CQ500-CT-12,/media/qiqi/P7000Z/WorkStation/medical/CT_Junior/CQ500/CQ500CT12 CQ500CT12/Unknown Study/CT Thin Plain,CT Thin Plain,/media/qiqi/P7000Z/WorkStation/medical/CT_Junior/CT artifact annotation/output_quickcheck/CQ500-CT-12/artifact_mask.nii.gz,1975986,272,288,512,512
CQ500-CT-13,/media/qiqi/P7000Z/WorkStation/medical/CT_Junior/CQ500/CQ500CT13 CQ500CT13/Unknown Study/CT PRE CONTRAST 5MM STD,CT PRE CONTRAST 5MM STD,/media/qiqi/P7000Z/WorkStation/medical/CT_Junior/CT artifact annotation/output_quickcheck/CQ500-CT-13/artifact_mask.nii.gz,150468,28,30,512,512
CQ500-CT-14,/media/qiqi/P7000Z/WorkStation/medical/CT_Junior/CQ500/CQ500CT14 CQ500CT14/Unknown Study/CT Plain THIN,CT Plain THIN,/media/qiqi/P7000Z/WorkStation/medical/CT_Junior/CT artifact annotation/output_quickcheck/CQ500-CT-14/artifact_mask.nii.gz,2905491,295,301,512,512
CQ500-CT-15,/media/qiqi/P7000Z/WorkStation/medical/CT_Junior/CQ500/CQ500CT15 CQ500CT15/Unknown Study/CT Thin Plain,CT Thin Plain,/media/qiqi/P7000Z/WorkStation/medical/CT_Junior/CT artifact annotation/output_quickcheck/CQ500-CT-15/artifact_mask.nii.gz,1760164,220,220,512,512
CQ500-CT-16,/media/qiqi/P7000Z/WorkStation/medical/CT_Junior/CQ500/CQ500CT16 CQ500CT16/Unknown Study/CT PLAIN THIN,CT PLAIN THIN,/media/qiqi/P7000Z/WorkStation/medical/CT_Junior/CT artifact annotation/output_quickcheck/CQ500-CT-16/artifact_mask.nii.gz,1999120,228,247,512,512
CQ500-CT-17,/media/qiqi/P7000Z/WorkStation/medical/CT_Junior/CQ500/CQ500CT17 CQ500CT17/Unknown Study/CT 0.625mm,CT 0.625mm,/media/qiqi/P7000Z/WorkStation/medical/CT_Junior/CT artifact annotation/output_quickcheck/CQ500-CT-17/artifact_mask.nii.gz,1748853,245,256,512,512
CQ500-CT-18,/media/qiqi/P7000Z/WorkStation/medical/CT_Junior/CQ500/CQ500CT18 CQ500CT18/Unknown Study/CT 0.625mm,CT 0.625mm,/media/qiqi/P7000Z/WorkStation/medical/CT_Junior/CT artifact annotation/output_quickcheck/CQ500-CT-18/artifact_mask.nii.gz,2076069,241,256,512,512
CQ500-CT-19,/media/qiqi/P7000Z/WorkStation/medical/CT_Junior/CQ500/CQ500CT19 CQ500CT19/Unknown Study/CT Plain,CT Plain,/media/qiqi/P7000Z/WorkStation/medical/CT_Junior/CT artifact annotation/output_quickcheck/CQ500-CT-19/artifact_mask.nii.gz,53680,24,28,512,512
CQ500-CT-20,/media/qiqi/P7000Z/WorkStation/medical/CT_Junior/CQ500/CQ500CT20 CQ500CT20/Unknown Study/CT Thin Plain,CT Thin Plain,/media/qiqi/P7000Z/WorkStation/medical/CT_Junior/CT artifact annotation/output_quickcheck/CQ500-CT-20/artifact_mask.nii.gz,2034488,267,288,512,512
CQ500-CT-21,/media/qiqi/P7000Z/WorkStation/medical/CT_Junior/CQ500/CQ500CT21 CQ500CT21/Unknown Study/CT PRE CONTRAST 5MM STD,CT PRE CONTRAST 5MM STD,/media/qiqi/P7000Z/WorkStation/medical/CT_Junior/CT artifact annotation/output_quickcheck/CQ500-CT-21/artifact_mask.nii.gz,127932,23,29,512,512
CQ500-CT-22,/media/qiqi/P7000Z/WorkStation/medical/CT_Junior/CQ500/CQ500CT22 CQ500CT22/Unknown Study/CT Plain,CT Plain,/media/qiqi/P7000Z/WorkStation/medical/CT_Junior/CT artifact annotation/output_quickcheck/CQ500-CT-22/artifact_mask.nii.gz,86013,27,30,512,512
CQ500-CT-23,/media/qiqi/P7000Z/WorkStation/medical/CT_Junior/CQ500/CQ500CT23 CQ500CT23/Unknown Study/CT 5mm POST CONTRAST,CT 5mm POST CONTRAST,/media/qiqi/P7000Z/WorkStation/medical/CT_Junior/CT artifact annotation/output_quickcheck/CQ500-CT-23/artifact_mask.nii.gz,1821368,210,225,512,512
CQ500-CT-24,/media/qiqi/P7000Z/WorkStation/medical/CT_Junior/CQ500/CQ500CT24 CQ500CT24/Unknown Study/CT 2.55mm,CT 2.55mm,/media/qiqi/P7000Z/WorkStation/medical/CT_Junior/CT artifact annotation/output_quickcheck/CQ500-CT-24/artifact_mask.nii.gz,68740,27,32,512,512
