case_id,series_path,series_name,mask_path,mask_voxel_count,mask_ratio,positive_slice_count,positive_slice_ratio,depth,height,width
CQ500-CT-0,/media/qiqi/P7000Z/WorkStation/medical/CT_Junior/CQ500/CQ500CT0 CQ500CT0/Unknown Study/CT Plain,CT Plain,/media/qiqi/P7000Z/WorkStation/medical/CT_Junior/CT artifact annotation/output_refined_smoke30/CQ500-CT-0/artifact_mask.nii.gz,29379,0.003736,25,0.833333,30,512,512
CQ500-CT-1,/media/qiqi/P7000Z/WorkStation/medical/CT_Junior/CQ500/CQ500CT1 CQ500CT1/Unknown Study/CT 2.55mm,CT 2.55mm,/media/qiqi/P7000Z/WorkStation/medical/CT_Junior/CT artifact annotation/output_refined_smoke30/CQ500-CT-1/artifact_mask.nii.gz,22321,0.002365,36,1.000000,36,512,512
CQ500-CT-2,/media/qiqi/P7000Z/WorkStation/medical/CT_Junior/CQ500/CQ500CT2 CQ500CT2/Unknown Study/CT 5mm,CT 5mm,/media/qiqi/P7000Z/WorkStation/medical/CT_Junior/CT artifact annotation/output_refined_smoke30/CQ500-CT-2/artifact_mask.nii.gz,56066,0.006684,32,1.000000,32,512,512
CQ500-CT-3,/media/qiqi/P7000Z/WorkStation/medical/CT_Junior/CQ500/CQ500CT3 CQ500CT3/Unknown Study/CT Plain,CT Plain,/media/qiqi/P7000Z/WorkStation/medical/CT_Junior/CT artifact annotation/output_refined_smoke30/CQ500-CT-3/artifact_mask.nii.gz,90444,0.011501,30,1.000000,30,512,512
CQ500-CT-4,/media/qiqi/P7000Z/WorkStation/medical/CT_Junior/CQ500/CQ500CT4 CQ500CT4/Unknown Study/CT 5mm,CT 5mm,/media/qiqi/P7000Z/WorkStation/medical/CT_Junior/CT artifact annotation/output_refined_smoke30/CQ500-CT-4/artifact_mask.nii.gz,4450,0.000472,24,0.666667,36,512,512
CQ500-CT-5,/media/qiqi/P7000Z/WorkStation/medical/CT_Junior/CQ500/CQ500CT5 CQ500CT5/Unknown Study/CT Plain 3mm,CT Plain 3mm,/media/qiqi/P7000Z/WorkStation/medical/CT_Junior/CT artifact annotation/output_refined_smoke30/CQ500-CT-5/artifact_mask.nii.gz,86845,0.006251,49,0.924528,53,512,512
CQ500-CT-6,/media/qiqi/P7000Z/WorkStation/medical/CT_Junior/CQ500/CQ500CT6 CQ500CT6/Unknown Study/CT 3.753.75mm Plain,CT 3.753.75mm Plain,/media/qiqi/P7000Z/WorkStation/medical/CT_Junior/CT artifact annotation/output_refined_smoke30/CQ500-CT-6/artifact_mask.nii.gz,65257,0.002540,98,1.000000,98,512,512
CQ500-CT-7,/media/qiqi/P7000Z/WorkStation/medical/CT_Junior/CQ500/CQ500CT7 CQ500CT7/Unknown Study/CT Plain,CT Plain,/media/qiqi/P7000Z/WorkStation/medical/CT_Junior/CT artifact annotation/output_refined_smoke30/CQ500-CT-7/artifact_mask.nii.gz,96377,0.011489,32,1.000000,32,512,512
CQ500-CT-8,/media/qiqi/P7000Z/WorkStation/medical/CT_Junior/CQ500/CQ500CT8 CQ500CT8/Unknown Study/CT PLAIN THIN,CT PLAIN THIN,/media/qiqi/P7000Z/WorkStation/medical/CT_Junior/CT artifact annotation/output_refined_smoke30/CQ500-CT-8/artifact_mask.nii.gz,1990831,0.021698,332,0.948571,350,512,512
CQ500-CT-9,/media/qiqi/P7000Z/WorkStation/medical/CT_Junior/CQ500/CQ500CT9 CQ500CT9/Unknown Study/CT 55mm Plain,CT 55mm Plain,/media/qiqi/P7000Z/WorkStation/medical/CT_Junior/CT artifact annotation/output_refined_smoke30/CQ500-CT-9/artifact_mask.nii.gz,23215,0.002460,28,0.777778,36,512,512
CQ500-CT-10,/media/qiqi/P7000Z/WorkStation/medical/CT_Junior/CQ500/CQ500CT10 CQ500CT10/Unknown Study/CT PLAIN THIN,CT PLAIN THIN,/media/qiqi/P7000Z/WorkStation/medical/CT_Junior/CT artifact annotation/output_refined_smoke30/CQ500-CT-10/artifact_mask.nii.gz,1402753,0.023889,224,1.000000,224,512,512
CQ500-CT-11,/media/qiqi/P7000Z/WorkStation/medical/CT_Junior/CQ500/CQ500CT11 CQ500CT11/Unknown Study/CT 55mm Plain,CT 55mm Plain,/media/qiqi/P7000Z/WorkStation/medical/CT_Junior/CT artifact annotation/output_refined_smoke30/CQ500-CT-11/artifact_mask.nii.gz,10182,0.001214,22,0.687500,32,512,512
CQ500-CT-12,/media/qiqi/P7000Z/WorkStation/medical/CT_Junior/CQ500/CQ500CT12 CQ500CT12/Unknown Study/CT 55mm Plain,CT 55mm Plain,/media/qiqi/P7000Z/WorkStation/medical/CT_Junior/CT artifact annotation/output_refined_smoke30/CQ500-CT-12/artifact_mask.nii.gz,9582,0.001015,23,0.638889,36,512,512
CQ500-CT-13,/media/qiqi/P7000Z/WorkStation/medical/CT_Junior/CQ500/CQ500CT13 CQ500CT13/Unknown Study/CT PRE CONTRAST 5MM STD,CT PRE CONTRAST 5MM STD,/media/qiqi/P7000Z/WorkStation/medical/CT_Junior/CT artifact annotation/output_refined_smoke30/CQ500-CT-13/artifact_mask.nii.gz,31127,0.003958,30,1.000000,30,512,512
CQ500-CT-14,/media/qiqi/P7000Z/WorkStation/medical/CT_Junior/CQ500/CQ500CT14 CQ500CT14/Unknown Study/CT Plain 3mm,CT Plain 3mm,/media/qiqi/P7000Z/WorkStation/medical/CT_Junior/CT artifact annotation/output_refined_smoke30/CQ500-CT-14/artifact_mask.nii.gz,79346,0.005935,40,0.784314,51,512,512
CQ500-CT-15,/media/qiqi/P7000Z/WorkStation/medical/CT_Junior/CQ500/CQ500CT15 CQ500CT15/Unknown Study/CT 55mm Plain,CT 55mm Plain,/media/qiqi/P7000Z/WorkStation/medical/CT_Junior/CT artifact annotation/output_refined_smoke30/CQ500-CT-15/artifact_mask.nii.gz,8942,0.001066,22,0.687500,32,512,512
CQ500-CT-16,/media/qiqi/P7000Z/WorkStation/medical/CT_Junior/CQ500/CQ500CT16 CQ500CT16/Unknown Study/CT PLAIN THIN,CT PLAIN THIN,/media/qiqi/P7000Z/WorkStation/medical/CT_Junior/CT artifact annotation/output_refined_smoke30/CQ500-CT-16/artifact_mask.nii.gz,1255636,0.019392,240,0.971660,247,512,512
CQ500-CT-17,/media/qiqi/P7000Z/WorkStation/medical/CT_Junior/CQ500/CQ500CT17 CQ500CT17/Unknown Study/CT 5mm,CT 5mm,/media/qiqi/P7000Z/WorkStation/medical/CT_Junior/CT artifact annotation/output_refined_smoke30/CQ500-CT-17/artifact_mask.nii.gz,24953,0.002975,32,1.000000,32,512,512
CQ500-CT-18,/media/qiqi/P7000Z/WorkStation/medical/CT_Junior/CQ500/CQ500CT18 CQ500CT18/Unknown Study/CT 5mm,CT 5mm,/media/qiqi/P7000Z/WorkStation/medical/CT_Junior/CT artifact annotation/output_refined_smoke30/CQ500-CT-18/artifact_mask.nii.gz,50126,0.005975,32,1.000000,32,512,512
CQ500-CT-19,/media/qiqi/P7000Z/WorkStation/medical/CT_Junior/CQ500/CQ500CT19 CQ500CT19/Unknown Study/CT Plain,CT Plain,/media/qiqi/P7000Z/WorkStation/medical/CT_Junior/CT artifact annotation/output_refined_smoke30/CQ500-CT-19/artifact_mask.nii.gz,30772,0.004192,27,0.964286,28,512,512
CQ500-CT-20,/media/qiqi/P7000Z/WorkStation/medical/CT_Junior/CQ500/CQ500CT20 CQ500CT20/Unknown Study/CT 55mm Plain,CT 55mm Plain,/media/qiqi/P7000Z/WorkStation/medical/CT_Junior/CT artifact annotation/output_refined_smoke30/CQ500-CT-20/artifact_mask.nii.gz,11628,0.001232,36,1.000000,36,512,512
CQ500-CT-21,/media/qiqi/P7000Z/WorkStation/medical/CT_Junior/CQ500/CQ500CT21 CQ500CT21/Unknown Study/CT PRE CONTRAST 5MM STD,CT PRE CONTRAST 5MM STD,/media/qiqi/P7000Z/WorkStation/medical/CT_Junior/CT artifact annotation/output_refined_smoke30/CQ500-CT-21/artifact_mask.nii.gz,22435,0.002951,23,0.793103,29,512,512
CQ500-CT-22,/media/qiqi/P7000Z/WorkStation/medical/CT_Junior/CQ500/CQ500CT22 CQ500CT22/Unknown Study/CT Plain,CT Plain,/media/qiqi/P7000Z/WorkStation/medical/CT_Junior/CT artifact annotation/output_refined_smoke30/CQ500-CT-22/artifact_mask.nii.gz,45978,0.005846,30,1.000000,30,512,512
CQ500-CT-23,/media/qiqi/P7000Z/WorkStation/medical/CT_Junior/CQ500/CQ500CT23 CQ500CT23/Unknown Study/CT PRE CONTRAST 5MM STD,CT PRE CONTRAST 5MM STD,/media/qiqi/P7000Z/WorkStation/medical/CT_Junior/CT artifact annotation/output_refined_smoke30/CQ500-CT-23/artifact_mask.nii.gz,11105,0.001461,20,0.689655,29,512,512
CQ500-CT-24,/media/qiqi/P7000Z/WorkStation/medical/CT_Junior/CQ500/CQ500CT24 CQ500CT24/Unknown Study/CT 2.55mm,CT 2.55mm,/media/qiqi/P7000Z/WorkStation/medical/CT_Junior/CT artifact annotation/output_refined_smoke30/CQ500-CT-24/artifact_mask.nii.gz,8646,0.001031,21,0.656250,32,512,512
CQ500-CT-25,/media/qiqi/P7000Z/WorkStation/medical/CT_Junior/CQ500/CQ500CT25 CQ500CT25/Unknown Study/CT 55mm Plain,CT 55mm Plain,/media/qiqi/P7000Z/WorkStation/medical/CT_Junior/CT artifact annotation/output_refined_smoke30/CQ500-CT-25/artifact_mask.nii.gz,7852,0.000832,22,0.611111,36,512,512
CQ500-CT-26,/media/qiqi/P7000Z/WorkStation/medical/CT_Junior/CQ500/CQ500CT26 CQ500CT26/Unknown Study/CT Plain,CT Plain,/media/qiqi/P7000Z/WorkStation/medical/CT_Junior/CT artifact annotation/output_refined_smoke30/CQ500-CT-26/artifact_mask.nii.gz,83932,0.010673,30,1.000000,30,512,512
CQ500-CT-27,/media/qiqi/P7000Z/WorkStation/medical/CT_Junior/CQ500/CQ500CT27 CQ500CT27/Unknown Study/CT Plain,CT Plain,/media/qiqi/P7000Z/WorkStation/medical/CT_Junior/CT artifact annotation/output_refined_smoke30/CQ500-CT-27/artifact_mask.nii.gz,54023,0.007360,28,1.000000,28,512,512
CQ500-CT-28,/media/qiqi/P7000Z/WorkStation/medical/CT_Junior/CQ500/CQ500CT28 CQ500CT28/Unknown Study/CT 55mm Plain,CT 55mm Plain,/media/qiqi/P7000Z/WorkStation/medical/CT_Junior/CT artifact annotation/output_refined_smoke30/CQ500-CT-28/artifact_mask.nii.gz,5102,0.000541,24,0.666667,36,512,512
CQ500-CT-29,/media/qiqi/P7000Z/WorkStation/medical/CT_Junior/CQ500/CQ500CT29 CQ500CT29/Unknown Study/CT 55mm Plain,CT 55mm Plain,/media/qiqi/P7000Z/WorkStation/medical/CT_Junior/CT artifact annotation/output_refined_smoke30/CQ500-CT-29/artifact_mask.nii.gz,20282,0.002418,20,0.625000,32,512,512
