epoch,train_loss,val_loss,acc,f1_micro,f1_macro,auc,lr
1,1.2898,1.4377,0.7259,0.3114,0.1135,0.5018,0.000996057350657239
2,1.2133,1.3921,0.5219,0.336,0.2091,0.5473,0.0009842915805643156
3,1.181,1.3725,0.6902,0.2173,0.0885,0.4523,0.0009648882429441258
4,1.2019,1.3674,0.3455,0.2479,0.1756,0.4923,0.0009381533400219318
5,1.1888,1.3664,0.3411,0.2479,0.1762,0.5054,0.0009045084971874737
6,1.1862,1.3668,0.312,0.2198,0.1777,0.4351,0.0008644843137107057
7,1.1768,1.3666,0.3535,0.2347,0.1861,0.522,0.0008187119948743448
8,1.1756,1.5508,0.5131,0.3142,0.1784,0.505,0.0007679133974894982
9,1.1948,1.364,0.3593,0.2016,0.1368,0.5,0.0007128896457825362
10,1.1771,1.3643,0.3608,0.202,0.1372,0.5017,0.0006545084971874736
11,1.1768,1.3644,0.3593,0.2016,0.1368,0.5,0.0005936906572928624
12,1.1822,1.3643,0.3025,0.2018,0.15,0.5,0.0005313952597646568
13,1.1993,1.364,0.3397,0.1779,0.1359,0.4565,0.00046860474023534336
14,1.1779,1.3906,0.6815,0.2238,0.0942,0.3846,0.0004063093427071377
15,1.1811,1.3984,0.6101,0.2097,0.1375,0.4654,0.00034549150281252644
16,1.1774,1.3717,0.3375,0.1714,0.1347,0.4516,0.00028711035421746366
17,1.1763,1.3827,0.5926,0.2116,0.0919,0.4028,0.00023208660251050156
18,1.1834,1.3789,0.5007,0.1893,0.1115,0.4245,0.00018128800512565513
19,1.1769,1.3766,0.438,0.2419,0.1603,0.4191,0.00013551568628929433
20,1.1767,1.3728,0.4388,0.2406,0.1487,0.4518,9.549150281252634e-05
21,1.1746,1.3747,0.5707,0.2361,0.1314,0.4655,6.184665997806823e-05
